listing_id,amenity
...,wifi
...,"Pets allowed"
...,"Dedicated workspace"
...,TV
...,Kitchen
...,"Air conditioning"
...,wifi
...,"Sea view"
...,Kitchen
...,room-service
...,king-bed
...,"Pool view"
...,wifi
...,Kitchen
...,"Garden view"
...,room-service
...,king-bed
...,mini-bed
...,wifi
...,"Mountain view"
...,Kitchen
...,room-service
...,king-bed
...,mini-bed
...,wifi
...,"Mountain view"
...,TV
...,"Air conditioning"
...,Kitchen
...,wifi
...,"Mountain view"
...,TV
...,"Air conditioning"
...,Kitchen
...,wifi
...,"Sea view"
...,Pool
...,room-service
...,king-bed
...,"Beach view"
...,TV
...,wifi
...,"Sea view"
...,"Ocean view"
...,room-service
...,king-bed
...,"Beach view"
...,TV
...,wifi
...,Kitchen
...,"Dedicated workspace"
...,pool
...,TV
...,room-service
...,king-bed
...,mini-bed
...,wifi
...,"Valley view"
...,TV
...,room-service
...,Kitchen
...,king-bed
...,mini-bed
...,wifi
...,"Garden view"
...,Kitchen
...,room-service
...,king-bed
...,mini-bed
...,wifi
...,"Dedicated workspace"
...,Kitchen
...,room-service
...,king-bed
...,mini-bed
...,wifi
...,TV
...,Kitchen
...,room-service
...,king-bed
...,mini-bed
...,wifi
...,"Lake view"
...,Kitchen
...,room-service
...,king-bed
...,mini-bed
...,wifi
...,"Private pool"
...,Kitchen
...,room-service
...,king-bed
...,"Beach view"
...,TV
...,wifi
...,"Outdoor dining area"
...,TV
...,room-service
...,king-bed
...,Pool
...,wifi
...,TV
...,Kitchen
...,room-service
...,king-bed
...,mini-bed
...,wifi
...,Pool
...,Kitchen
...,room-service
...,king-bed
...,"Outdoor dining area"
...,wifi
...,Kitchen
...,"Hot tub"
...,"Indoor fireplace"
...,TV
...,room-service
...,"Air conditioning"
...,king-bed
...,mini-bed
...,wifi
...,Kitchen
...,"Dedicated workspace"
...,TV
...,room-service
...,king-bed
...,mini-bed
...,wifi
...,"Mountain view"
...,"Pool view"
...,"Board games"
...,TV
...,room-service
...,Kitchen
...,"Outdoor dining area"
...,king-bed
...,mini-bed
...,wifi
...,Kitchen
...,"Garden view"
...,TV
...,room-service
...,"Dedicated workspace"
...,king-bed
...,mini-bed
...,wifi
...,"Books and reading material"
...,Kitchen
...,"Portable heater"
...,room-service
...,king-bed
...,mini-bed
...,wifi
...,"Pets allowed"
...,"Dedicated workspace"
...,TV
...,Kitchen
...,"Air conditioning"
...,wifi
...,Kitchen
...,room-service
...,king-bed
...,"Beach view"
...,TV
...,wifi
...,"Garden view"
...,TV
...,"Mountain view"
...,room-service
...,Kitchen
...,king-bed
...,mini-bed
...,wifi
...,"Books and reading material"
...,"Dedicated workspace"
...,TV
...,room-service
...,"Outdoor dining area"
...,king-bed
...,mini-bed
...,wifi
...,"Outdoor dining area"
...,Kitchen
...,room-service
...,king-bed
...,mini-bed
...,wifi
...,Kitchen
...,"Garden view"
...,room-service
...,king-bed
...,mini-bed
...,wifi
...,TV
...,Kitchen
...,Pool
...,room-service
...,king-bed
...,mini-bed
...,wifi
...,"Indoor fireplace"
...,Kitchen
...,room-service
...,king-bed
...,mini-bed
...,wifi
...,"Mountain view"
...,TV
...,room-service
...,king-bed
...,mini-bed
...,wifi
...,"Mountain view"
...,TV
...,"Air conditioning"
...,Kitchen
...,wifi
...,pool
...,gym
...,room-service
...,king-bed
...,mini-bed
...,wifi
...,pool
...,gym
...,room-service
...,king-bed
...,mini-bed
...,wifi
...,"Lake view"
...,"Mountain view"
...,room-service
...,king-bed
...,mini-bed
...,wifi
...,"Lake view"
...,Kitchen
...,room-service
...,king-bed
...,mini-bed
...,wifi
...,"Dedicated workspace"
...,TV
...,room-service
...,king-bed
...,mini-bed
...,wifi
...,"Garden view"
...,Kitchen
...,room-service
...,king-bed
...,mini-bed
...,wifi
...,pool
...,gym
...,room-service
...,king-bed
...,mini-bed
...,wifi
...,pool
...,gym
...,room-service
...,king-bed
...,mini-bed
...,wifi
...,"Mountain view"
...,Kitchen
...,room-service
...,king-bed
...,mini-bed
...,wifi
...,"Mountain view"
...,TV
...,"Air conditioning"
...,Kitchen
...,wifi
...,"Mountain view"
...,TV
...,"Air conditioning"
...,Kitchen
...,wifi
...,"Pets allowed"
...,"Dedicated workspace"
...,TV
...,Kitchen
...,"Air conditioning"
...,wifi
...,"Mountain view"
...,TV
...,"Air conditioning"
...,Kitchen
...,wifi
...,pool
...,gym
...,room-service
...,king-bed
...,mini-bed
...,wifi
...,"Sea view"
...,Pool
...,room-service
...,king-bed
...,"Beach view"
...,TV
...,wifi
...,Kitchen
...,room-service
...,king-bed
...,"Beach view"
...,TV
...,wifi
...,Kitchen
...,"Dedicated workspace"
...,TV
...,room-service
...,king-bed
...,mini-bed
...,wifi
...,"Garden view"
...,"Mountain view"
...,room-service
...,"Outdoor dining area"
...,king-bed
...,mini-bed
...,wifi
...,"Garden view"
...,"Outdoor dining area"
...,Kitchen
...,TV
...,room-service
...,"Private hot tub "
...,king-bed
...,mini-bed
...,wifi
...,"Pool table"
...,gym
...,TV
...,room-service
...,Pool
...,king-bed
...,mini-bed
...,wifi
...,"Books and reading material"
...,Kitchen
...,gym
...,TV
...,room-service
...,"Central heating"
...,AC
...,king-bed
...,mini-bed
...,wifi
...,"Garden view"
...,Kitchen
...,room-service
...,king-bed
...,mini-bed
...,wifi
...,"Mountain view"
...,Kitchen
...,room-service
...,king-bed
...,mini-bed
...,wifi
...,"Dedicated workspace"
...,Kitchen
...,room-service
...,king-bed
...,mini-bed
...,wifi
...,"Mountain view"
...,TV
...,"Air conditioning"
...,Kitchen
...,wifi
...,"Pets allowed"
...,"Dedicated workspace"
...,TV
...,Kitchen
...,"Air conditioning"
...,wifi
...,"Mountain view"
...,TV
...,"Air conditioning"
...,Kitchen
...,wifi
...,Pool
...,Kitchen
...,room-service
...,king-bed
...,TV
...,wifi
...,"Garden view"
...,"Mountain view"
...,room-service
...,kitchen
...,king-bed
...,mini-bed
...,wifi
...,Kitchen
...,"Dedicated workspace"
...,"Books and reading material"
...,TV
...,room-service
...,pool
...,"Outdoor dining area"
...,king-bed
...,mini-bed
...,wifi
...,Kitchen
...,"City skyline view"
...,TV
...,room-service
...,king-bed
...,mini-bed
...,wifi
...,TV
...,Kitchen
...,room-service
...,king-bed
...,mini-bed
...,wifi
...,"Dedicated workspace"
...,Kitchen
...,room-service
...,king-bed
...,mini-bed
...,wifi
...,"Private hot tub"
...,Kitchen
...,room-service
...,king-bed
...,mini-bed
...,wifi
...,"Dedicated workspace"
...,Kitchen
...,room-service
...,king-bed
...,mini-bed
...,wifi
...,"Pets allowed"
...,"Dedicated workspace"
...,TV
...,Kitchen
...,"Outdoor dining area"
...,"Air conditioning"
...,wifi
...,"Pets allowed"
...,"Dedicated workspace"
...,TV
...,Queen-bed
...,"Air conditioning"
...,wifi
...,pool
...,gym
...,room-service
...,king-bed
...,mini-bed
...,wifi
...,pool
...,Gym
...,room-service
...,king-bed
...,mini-bed
...,wifi
...,"Mountain view"
...,"City skyline view"
...,"Lake view"
...,TV
...,room-service
...,"Outdoor dining area"
...,king-bed
...,mini-bed
...,wifi
...,TV
...,Kitchen
...,room-service
...,king-bed
...,mini-bed
...,wifi
...,"Mountain view"
...,Kitchen
...,room-service
...,king-bed
...,mini-bed
...,wifi
...,"Pets allowed"
...,"Dedicated workspace"
...,TV
...,Kitchen
...,"Air conditioning"
...,wifi
...,"Sea view"
...,Kitchen
...,room-service
...,king-bed
...,"Beach view"
...,TV
...,wifi
...,pool
...,gym
...,room-service
...,king-bed
...,mini-bed
...,wifi
...,pool
...,Gym
...,room-service
...,king-bed
...,mini-bed
...,wifi
...,TV
...,room-service
...,garden
...,"Outdoor dining area"
...,"Dedicated workspace"
...,king-bed
...,mini-bed
...,wifi
...,Kitchen
...,"City skyline view"
...,TV
...,room-service
...,king-bed
...,mini-bed
...,wifi
...,"Lake access"
...,TV
...,"Mountain view"
...,room-service
...,"Outdoor dining area"
...,Kitchen
...,king-bed
...,mini-bed
...,wifi
...,TV
...,Kitchen
...,room-service
...,king-bed
...,mini-bed
...,wifi
...,"Pets allowed"
...,"Dedicated workspace"
...,TV
...,Kitchen
...,"Air conditioning"
...,wifi
...,"Lake view"
...,"City skyline view"
...,Waterfront
...,room-service
...,king-bed
...,mini-bed
...,wifi
...,"Indoor fireplace"
...,Kitchen
...,room-service
...,king-bed
...,Garden
...,wifi
...,Kitchen
...,"Dedicated workspace"
...,TV
...,room-service
...,king-bed
...,mini-bed
...,wifi
...,Kitchen
...,"City skyline view"
...,TV
...,room-service
...,king-bed
...,mini-bed
...,wifi
...,Kitchen
...,pool
...,TV
...,room-service
...,king-bed
...,mini-bed
...,wifi
...,"Garden view"
...,Kitchen
...,room-service
...,king-bed
...,mini-bed
...,wifi
...,TV
...,Kitchen
...,room-service
...,king-bed
...,mini-bed
...,wifi
...,TV
...,Kitchen
...,room-service
...,king-bed
...,mini-bed
...,wifi
...,"Pets allowed"
...,"Dedicated workspace"
...,TV
...,Kitchen
...,pool
...,"Outdoor dining area"
...,"Air conditioning"
...,wifi
...,pool
...,gym
...,room-service
...,king-bed
...,mini-bed
...,wifi
...,Kitchen
...,"Beach view"
...,"City skyline view"
...,TV
...,room-service
...,king-bed
...,mini-bed
...,wifi
...,TV
...,Kitchen
...,room-service
...,king-bed
...,mini-bed
...,wifi
...,"Dedicated workspace"
...,Kitchen
...,room-service
...,king-bed
...,mini-bed
...,wifi
...,pool
...,TV
...,room-service
...,king-bed
...,mini-bed
...,wifi
...,pool
...,Gym
...,room-service
...,king-bed
...,mini-bed
...,wifi
...,Kitchen
...,Pool
...,TV
...,room-service
...,king-bed
...,mini-bed
...,wifi
...,"hot tub"
...,Kitchen
...,room-service
...,"Dedicated workspace"
...,king-bed
...,mini-bed
...,wifi
...,"Mountain view"
...,TV
...,"Air conditioning"
...,Kitchen
...,wifi
...,"Pets allowed"
...,"Dedicated workspace"
...,TV
...,Queen-bed
...,"Air conditioning"
...,wifi
...,"Dedicated workspace"
...,Kitchen
...,room-service
...,king-bed
...,mini-bed
...,wifi
...,"Pets allowed"
...,"Dedicated workspace"
...,TV
...,Kitchen
...,"Air conditioning"
...,wifi
...,pool
...,gym
...,room-service
...,king-bed
...,mini-bed
...,wifi
...,pool
...,gym
...,room-service
...,king-bed
...,mini-bed
...,wifi
...,"Dedicated workspace"
...,TV
...,kitchen
...,room-service
...,king-bed
...,mini-bed
...,wifi
...,pool
...,TV
...,"Pool table"
...,"Board games"
...,room-service
...,king-bed
...,mini-bed
...,wifi
...,"Garden view"
...,Kitchen
...,room-service
...,king-bed
...,mini-bed
...,wifi
...,TV
...,Kitchen
...,room-service
...,king-bed
...,mini-bed
...,wifi
...,TV
...,Kitchen
...,room-service
...,king-bed
...,mini-bed
...,wifi
...,"Pets allowed"
...,"Dedicated workspace"
...,TV
...,Kitchen
...,"Air conditioning"
...,wifi
...,"Garden view"
...,Kitchen
...,room-service
...,king-bed
...,"Mountain view"
...,wifi
...,"Pool table"
...,TV
...,"Books and reading material"
...,room-service
...,"Outdoor dining area"
...,pool
...,Kitchen
...,king-bed
...,mini-bed
...,wifi
...,"Garden view"
...,Kitchen
...,room-service
...,king-bed
...,mini-bed
...,wifi
...,"Mountain view"
...,Kitchen
...,room-service
...,king-bed
...,mini-bed
...,wifi
...,"Dedicated workspace"
...,Kitchen
...,room-service
...,king-bed
...,mini-bed
...,wifi
...,TV
...,Kitchen
...,room-service
...,king-bed
...,mini-bed
