id,display_order,image_url,listing_id,public_id
...,0,https://res.cloudinary.com/drr3w1xut/image/upload/v1744731063/9f2122bf-1c64-4faf-a4f4-5afab523f176_xujfrh.avif,...,listingimage
...,1,https://res.cloudinary.com/drr3w1xut/image/upload/v1744731062/bb151565-5a49-455d-ad5d-6304652c501e_janfx9.avif,...,listingimage
...,2,https://res.cloudinary.com/drr3w1xut/image/upload/v1744731062/9edf120a-fad4-4c8b-ab41-b7a4537954c8_sdqtls.avif,...,listingimage
...,3,https://res.cloudinary.com/drr3w1xut/image/upload/v1744731062/5544f181-d4ce-4fcb-8bc3-447cc1b64bb5_tjlapf.avif,...,listingimage
...,4,https://res.cloudinary.com/drr3w1xut/image/upload/v1744731063/7dc596a7-99ca-4e01-b024-8eedf16ee6e3_bxjyqd.avif,...,listingimage
...,0,https://res.cloudinary.com/drr3w1xut/image/upload/v1744088580/71d40723-bc60-4fc3-ba88-79fba8ce8bee_sqmkax.avif,...,listingimage
...,1,https://res.cloudinary.com/drr3w1xut/image/upload/v1744088579/6d26bed8-1530-418f-8c7a-42dc068b2d31_dtqduc.avif,...,listingimage
...,2,https://res.cloudinary.com/drr3w1xut/image/upload/v1744088581/8ecf9230-dae6-4b2a-8832-21132d76dbc4_co2lfv.avif,...,listingimage
...,3,https://res.cloudinary.com/drr3w1xut/image/upload/v1744088620/2ceb3f7e-2f02-42db-81ff-68a406d2dcfa_hxzuoa.avif,...,listingimage
...,4,https://res.cloudinary.com/drr3w1xut/image/upload/v1744088578/79588e35-eaf2-40f0-93ad-e2f7ea8459ec_zskkto.avif,...,listingimage
...,0,https://res.cloudinary.com/drr3w1xut/image/upload/v1744198596/dcf5ee0b-3975-4198-9e1b-24554d272214_gt7qfh.avif,...,listingimage
...,1,https://res.cloudinary.com/drr3w1xut/image/upload/v1744198597/5faa09e6-6821-4478-a6e4-9bb876954288_pcqqlu.avif,...,listingimage
...,2,https://res.cloudinary.com/drr3w1xut/image/upload/v1744198596/e800bb73-19aa-448e-aabb-cb87aee3e6ef_u76p7h.avif,...,listingimage
...,3,https://res.cloudinary.com/drr3w1xut/image/upload/v1744198596/d88ba62d-fd35-41f9-8e9f-338ed36143b4_tak7kk.jpg,...,listingimage
...,4,https://res.cloudinary.com/drr3w1xut/image/upload/v1744198596/a220d627-2881-45bb-9f4f-d555cb6c8895_vg2hxk.jpg,...,listingimage
...,0,https://res.cloudinary.com/drr3w1xut/image/upload/v1744211428/80f97b71-432b-4a5a-887a-91ea993d10ff_fpelbd.avif,...,listingimage
...,1,https://res.cloudinary.com/drr3w1xut/image/upload/v1744211427/0490f5bf-b76a-4da8-acd4-9b9eaa620084_vavcsd.avif,...,listingimage
...,2,https://res.cloudinary.com/drr3w1xut/image/upload/v1744211429/29d08d48-a3e3-45c5-b2c1-03668b965466_px0vos.avif,...,listingimage
...,3,https://res.cloudinary.com/drr3w1xut/image/upload/v1744211435/5de57f90-a795-4dbd-8b1d-7cd3b9e1195d_c8l4ok.webp,...,listingimage
...,4,https://res.cloudinary.com/drr3w1xut/image/upload/v1744211427/340317d3-4315-408a-aacf-597ff2c93972_z9a7bl.avif,...,listingimage
...,0,https://res.cloudinary.com/drr3w1xut/image/upload/v1744732186/e06db20b-f09e-483f-8835-4864e1f1331f_riglia.avif,...,listingimage
...,1,https://res.cloudinary.com/drr3w1xut/image/upload/v1744732185/63efb2ca-7a02-4b0e-a844-ba2b28b0509f_vwk68d.avif,...,listingimage
...,2,https://res.cloudinary.com/drr3w1xut/image/upload/v1744732185/2b4a1117-439c-4262-adf1-4db1abca7e79_o1jrgl.avif,...,listingimage
...,3,https://res.cloudinary.com/drr3w1xut/image/upload/v1744732185/15149359-7c1b-46c7-ab57-b6f0673caca7_k8zjcd.avif,...,listingimage
...,4,https://res.cloudinary.com/drr3w1xut/image/upload/v1744732185/e803ed0e-e8c8-4d00-90ca-d1099a9b880e_b3gpms.avif,...,listingimage
...,0,https://res.cloudinary.com/drr3w1xut/image/upload/v1744733670/0b8b86ee-fb26-4225-92ef-0d475d895e31_dv4jzb.avif,...,listingimage
...,1,https://res.cloudinary.com/drr3w1xut/image/upload/v1744733671/a7ee126d-d904-4c85-8cee-54017d8f568b_aa8lky.jpg,...,listingimage
...,2,https://res.cloudinary.com/drr3w1xut/image/upload/v1744733679/4e83f994-2c27-4ccd-adf1-f019537745ba_i1kgxu.avif,...,listingimage
...,3,https://res.cloudinary.com/drr3w1xut/image/upload/v1744733681/a18dadaa-3659-41e1-914c-15f4a8dfb50b_tedldm.jpg,...,listingimage
...,4,https://res.cloudinary.com/drr3w1xut/image/upload/v1744733680/8c0e1d7f-a1e7-4ac2-99c9-b7a84db477f7_p3zjjd.avif,...,listingimage
...,0,https://res.cloudinary.com/drr3w1xut/image/upload/v1744100006/1d5ee7c7-b925-4279-9e11-94b01bbe423f_mrlgr7.avif,...,listingimage
...,1,https://res.cloudinary.com/drr3w1xut/image/upload/v1744100008/c4fb62fd-b999-449d-b11e-46eeb3250b55_yiiz4f.avif,...,listingimage
...,2,https://res.cloudinary.com/drr3w1xut/image/upload/v1744100006/5df002fd-a844-49e0-988e-a8dec6c4a42d_bcipyq.avif,...,listingimage
...,3,https://res.cloudinary.com/drr3w1xut/image/upload/v1744100007/4c6e42aa-2a6c-488b-af15-2d505c2d7d13_lrthur.avif,...,listingimage
...,4,https://res.cloudinary.com/drr3w1xut/image/upload/v1744100006/590fa833-b799-4c82-b2ac-85c1af3d473e_lsvtjr.avif,...,listingimage
...,0,https://res.cloudinary.com/drr3w1xut/image/upload/v1744220727/cf568fee-df4f-4564-9040-e854aeaabde1_qkeuei.avif,...,listingimage
...,1,https://res.cloudinary.com/drr3w1xut/image/upload/v1744220727/68357f9f-f58a-4aaa-acf4-48e1bbe246df_fedyj2.avif,...,listingimage
...,2,https://res.cloudinary.com/drr3w1xut/image/upload/v1744101044/de89344a-4d07-48d4-8638-8aca69e3bd9b_atzcag.avif,...,listingimage
...,3,https://res.cloudinary.com/drr3w1xut/image/upload/v1744101045/3d166471-a04e-4ff5-8cb4-c3cb194fe460_jq4j5f.avif,...,listingimage
...,4,https://res.cloudinary.com/drr3w1xut/image/upload/v1744101044/21b59fb7-b5b1-4b25-8955-764869b513f9_lmetll.avif,...,listingimage
...,0,https://res.cloudinary.com/drr3w1xut/image/upload/v1744195179/626d2c5d-d372-4a39-aadc-53f586fd1183_uj7rcs.avif,...,listingimage
...,1,https://res.cloudinary.com/drr3w1xut/image/upload/v1744195183/5e146eed-02f4-482e-beda-a951eb97cc06_igvkce.avif,...,listingimage
...,2,https://res.cloudinary.com/drr3w1xut/image/upload/v1744195191/5a740efe-be7c-4a7c-9363-8eb56582a971_vdyi7u.avif,...,listingimage
...,3,https://res.cloudinary.com/drr3w1xut/image/upload/v1744195187/c271b27a-0d24-43fa-bba2-039cfc40e782_efpjct.avif,...,listingimage
...,4,https://res.cloudinary.com/drr3w1xut/image/upload/v1744195198/7bad7198-e49e-4c67-8cc2-4da611160f7a_sgkdgp.avif,...,listingimage
...,0,https://res.cloudinary.com/drr3w1xut/image/upload/v1744175021/a1515a06-4c8a-411b-a29b-834a931469aa_rdaiep.avif,...,listingimage
...,1,https://res.cloudinary.com/drr3w1xut/image/upload/v1744175020/55577f30-12be-4c24-a9d2-e8fee769d60a_aqsulj.avif,...,listingimage
...,2,https://res.cloudinary.com/drr3w1xut/image/upload/v1744175022/50544673-bd07-452e-b9b0-c0bdb53f8e0a_rho3m5.avif,...,listingimage
...,3,https://res.cloudinary.com/drr3w1xut/image/upload/v1744175025/2e2e2f43-dd33-4bda-acd8-1872a273f9db_ivngcm.avif,...,listingimage
...,4,https://res.cloudinary.com/drr3w1xut/image/upload/v1744175020/adef6924-9d7a-4aac-9501-a86ab1e559f8_mxpazk.avif,...,listingimage
...,0,https://res.cloudinary.com/drr3w1xut/image/upload/v1744200183/6df6f2c8-7452-48ba-a624-8c5b1d6b96cc_eyjlu7.avif,...,listingimage
...,1,https://res.cloudinary.com/drr3w1xut/image/upload/v1744200183/a35372a1-c50e-4e34-87f0-bcfc755307be_bnfyj3.avif,...,listingimage
...,2,https://res.cloudinary.com/drr3w1xut/image/upload/v1744200184/02ae1907-afcc-4163-aa21-b226d86a500f_l389ua.avif,...,listingimage
...,3,https://res.cloudinary.com/drr3w1xut/image/upload/v1744200183/2292503e-6c66-4169-9e16-fcce2a30a93f_e4zvgk.avif,...,listingimage
...,4,https://res.cloudinary.com/drr3w1xut/image/upload/v1744200182/b27e37c5-55f9-4964-8ab1-97990f409349_vofmoj.avif,...,listingimage
...,0,https://res.cloudinary.com/drr3w1xut/image/upload/v1744207975/a2ce01ae-583f-4fc1-b872-e1a19620b6d1_lepwv8.avif,...,listingimage
...,1,https://res.cloudinary.com/drr3w1xut/image/upload/v1744207929/d8ff76dc-e4aa-4e60-879e-211ac068d0a0_ubweze.avif,...,listingimage
...,2,https://res.cloudinary.com/drr3w1xut/image/upload/v1744207927/ed22792c-c9fc-438e-aebd-5c63ea65fe57_cjcwzp.avif,...,listingimage
...,3,https://res.cloudinary.com/drr3w1xut/image/upload/v1744208403/db24f70f-94f4-46ba-81b1-d2b910602e1e_hehz4i.avif,...,listingimage
...,4,https://res.cloudinary.com/drr3w1xut/image/upload/v1744207927/8d19571f-a291-4e42-9362-6cb48afee6bc_vjglhn.avif,...,listingimage
...,0,https://res.cloudinary.com/drr3w1xut/image/upload/v1744215255/addb6494-3d9c-4cf9-9f5a-d8054471125f_dorwxn.avif,...,listingimage
...,1,https://res.cloudinary.com/drr3w1xut/image/upload/v1744215259/a573d30c-fa79-4537-866b-1eff2310f60f_qxybak.jpg,...,listingimage
...,2,https://res.cloudinary.com/drr3w1xut/image/upload/v1744215260/b566a5d0-fe46-434c-abdb-1ec19628a29d_fklgil.jpg,...,listingimage
...,3,https://res.cloudinary.com/drr3w1xut/image/upload/v1744215255/7a0b1698-e471-4171-aa69-68f7350f90ea_krvxok.avif,...,listingimage
...,4,https://res.cloudinary.com/drr3w1xut/image/upload/v1744215256/57d15c4b-9321-4199-898b-898fcde55359_jneejw.jpg,...,listingimage
...,0,https://res.cloudinary.com/drr3w1xut/image/upload/v1744206377/72da694f-5a1c-4aad-abdc-375a02b0eded_pzpc6w.avif,...,listingimage
...,1,https://res.cloudinary.com/drr3w1xut/image/upload/v1744206376/21e64f96-b22a-4ca8-90fe-ceb233833768_duphyt.avif,...,listingimage
...,2,https://res.cloudinary.com/drr3w1xut/image/upload/v1744206376/392d8937-2981-482c-b86a-c54e34aa55e8_uk1xov.avif,...,listingimage
...,3,https://res.cloudinary.com/drr3w1xut/image/upload/v1744206376/e3903a69-0804-4c1b-a26d-eeea6f6b9d7a_cbz5ze.avif,...,listingimage
...,4,https://res.cloudinary.com/drr3w1xut/image/upload/v1744206377/07d0a58d-961b-489d-9f35-84615f157caf_gcdfks.jpg,...,listingimage
...,0,https://res.cloudinary.com/drr3w1xut/image/upload/v1744097486/df570365-cd66-4c9d-8336-ab45fbd071c3_xr5uar.jpg,...,listingimage
...,1,https://res.cloudinary.com/drr3w1xut/image/upload/v1744097486/76c3c352-1734-499e-a75f-3ae672a9c6d1_fnsjrn.avif,...,listingimage
...,2,https://res.cloudinary.com/drr3w1xut/image/upload/v1744097487/e1df8199-4206-47ac-a382-e287a3a1aaa6_ta0fw8.avif,...,listingimage
...,3,https://res.cloudinary.com/drr3w1xut/image/upload/v1744097487/6ecd52ae-dce1-41b2-89d6-fef7800320aa_lsdtpf.avif,...,listingimage
...,4,https://res.cloudinary.com/drr3w1xut/image/upload/v1744097486/eff82d25-6663-47fb-8cf7-a4a45c1e28dd_szcp9o.avif,...,listingimage
...,0,https://res.cloudinary.com/drr3w1xut/image/upload/v1744089843/4f429139-ec0b-4e8b-b77e-03899e7e0552_qymeqo.webp,...,listingimage
...,1,https://res.cloudinary.com/drr3w1xut/image/upload/v1744089843/1b375715-f77e-47f0-bd4f-b5bfbc73db53_hzwkab.avif,...,listingimage
...,2,https://res.cloudinary.com/drr3w1xut/image/upload/v1744089843/f552426b-52af-40ba-bb08-214eeb14937a_k6ejdr.avif,...,listingimage
...,3,https://res.cloudinary.com/drr3w1xut/image/upload/v1744089844/3af7f379-3271-4eba-98d4-e7a6cb825d2e_gd1xfv.avif,...,listingimage
...,4,https://res.cloudinary.com/drr3w1xut/image/upload/v1744089843/7669daee-d662-4e3b-98c7-d3ae60901a72_elmzjk.avif,...,listingimage
...,0,https://res.cloudinary.com/drr3w1xut/image/upload/v1744085900/b6725312-3e18-47dc-a4bb-c63033647b6e_gghlos.avif,...,listingimage
...,1,https://res.cloudinary.com/drr3w1xut/image/upload/v1744085900/53806b72-937e-4d95-b239-69b580ff1c38_wvrhlc.avif,...,listingimage
...,2,https://res.cloudinary.com/drr3w1xut/image/upload/v1744085902/92a95315-242f-4f06-8177-9938ab4d0bf7_ael7vu.avif,...,listingimage
...,3,https://res.cloudinary.com/drr3w1xut/image/upload/v1744085901/8946a5df-e83d-42c3-adc1-4d0720bff962_tqc0ss.avif,...,listingimage
...,4,https://res.cloudinary.com/drr3w1xut/image/upload/v1744085901/f280143f-1454-4685-9fcd-1ce6f9441af9_omhxzz.avif,...,listingimage
...,0,https://res.cloudinary.com/drr3w1xut/image/upload/v1744091935/46ef91d0-5861-4465-a547-9e96c5e28982_bcb4n5.avif,...,listingimage
...,1,https://res.cloudinary.com/drr3w1xut/image/upload/v1744091935/7bbb667e-bebc-4209-a204-d20dc9f0f3b3_zdtjpb.avif,...,listingimage
...,2,https://res.cloudinary.com/drr3w1xut/image/upload/v1744091935/084d2b32-8f18-4085-8ffc-e8a8f8b3c75d_qqkqsl.avif,...,listingimage
...,3,https://res.cloudinary.com/drr3w1xut/image/upload/v1744091935/61e4eff4-8298-4ecb-bc97-4170a5cc4674_fexy9l.avif,...,listingimage
...,4,https://res.cloudinary.com/drr3w1xut/image/upload/v1744091934/2c9a64c7-c3c3-4fc8-ac97-74f92cfa047b_rgbryq.avif,...,listingimage
...,0,https://res.cloudinary.com/drr3w1xut/image/upload/v1744181822/9f288188-e657-428d-b478-794f47daa7ed_jszlit.avif,...,listingimage
...,1,https://res.cloudinary.com/drr3w1xut/image/upload/v1744181830/6f44bd40-fa49-4836-92f8-2b84bb5c0b17_pct6pt.avif,...,listingimage
...,2,https://res.cloudinary.com/drr3w1xut/image/upload/v1744181824/e6ae88df-3d96-445d-8dd1-0d7c95aa30da_cf2ccq.avif,...,listingimage
...,3,https://res.cloudinary.com/drr3w1xut/image/upload/v1744181821/6d5e9bcc-9f87-4b9d-9bd3-8c3c85783756_rodniy.avif,...,listingimage
...,4,https://res.cloudinary.com/drr3w1xut/image/upload/v1744181827/4b789de2-463b-4305-9a6e-7eb806482efd_ra8k75.avif,...,listingimage
...,0,https://res.cloudinary.com/drr3w1xut/image/upload/v1744190688/f3a34292-ea0d-4614-9089-3b2ed382e7f5_hk6l6t.avif,...,listingimage
...,1,https://res.cloudinary.com/drr3w1xut/image/upload/v1744190695/c29e6925-8b0c-48fe-b28a-d581fb0a6e97_u9xfc0.avif,...,listingimage
...,2,https://res.cloudinary.com/drr3w1xut/image/upload/v1744190675/dcedd4fc-daf6-4427-b109-bcd2557d0770_rzhrtd.avif,...,listingimage
...,3,https://res.cloudinary.com/drr3w1xut/image/upload/v1744190691/9fcb68a8-0706-41d2-828d-a241e9efa299_tyexnh.avif,...,listingimage
...,4,https://res.cloudinary.com/drr3w1xut/image/upload/v1744190673/2e6ad188-91f5-45d5-a515-1cc3d15daf14_dz0sgq.avif,...,listingimage
...,0,https://res.cloudinary.com/drr3w1xut/image/upload/v1744175422/6ef3349c-00a2-4b6d-b182-044a2168d99d_aep4na.avif,...,listingimage
...,1,https://res.cloudinary.com/drr3w1xut/image/upload/v1744175392/e3d4484c-7872-4ee3-904e-3e915d0f1120_dvuvf0.avif,...,listingimage
...,2,https://res.cloudinary.com/drr3w1xut/image/upload/v1744175392/16b9b154-0581-47ef-8999-122a926e71ce_lqrzhs.avif,...,listingimage
...,3,https://res.cloudinary.com/drr3w1xut/image/upload/v1744175392/cf42a1f5-ec61-4b64-b4f1-7c53b8422af3_xdyevk.avif,...,listingimage
...,4,https://res.cloudinary.com/drr3w1xut/image/upload/v1744175413/4b420398-4f93-4ad6-a611-02299bb456d5_dvuaq9.avif,...,listingimage
...,0,https://res.cloudinary.com/drr3w1xut/image/upload/v1744190108/cc9c18d2-9a78-4d6e-92be-a41cc95a19ee_jyh81k.avif,...,listingimage
...,1,https://res.cloudinary.com/drr3w1xut/image/upload/v1744190109/0088578e-9072-4472-ab2e-d503aab4ece1_kjakqc.avif,...,listingimage
...,2,https://res.cloudinary.com/drr3w1xut/image/upload/v1744190089/7b6831f5-d967-422e-a6e0-3f0bedf7d1e6_zchxa5.avif,...,listingimage
...,3,https://res.cloudinary.com/drr3w1xut/image/upload/v1744190111/bc6fecaa-4ea1-4e7a-87af-0f15c89cc468_ltvyjh.jpg,...,listingimage
...,4,https://res.cloudinary.com/drr3w1xut/image/upload/v1744190089/8654b847-62a9-4a57-8432-139724dcfbe7_nylvth.avif,...,listingimage
...,0,https://res.cloudinary.com/drr3w1xut/image/upload/v1744203496/e35457a3-c040-43d1-a080-a71c8adad1cd_mhcrgg.avif,...,listingimage
...,1,https://res.cloudinary.com/drr3w1xut/image/upload/v1744203496/ae0bf68b-7402-4229-91b3-78a48608cc5f_cgcdhz.avif,...,listingimage
...,2,https://res.cloudinary.com/drr3w1xut/image/upload/v1744203496/503edbef-9dd4-4c26-8001-1073edfdf1ef_dzrfkh.avif,...,listingimage
...,3,https://res.cloudinary.com/drr3w1xut/image/upload/v1744203496/28f112b9-53d3-4a61-acf8-1df2adb293ab_mu7xsx.avif,...,listingimage
...,4,https://res.cloudinary.com/drr3w1xut/image/upload/v1744203496/4b29ace5-b691-40a9-ad6f-6031413ca97b_nhytj9.avif,...,listingimage
...,0,https://res.cloudinary.com/drr3w1xut/image/upload/v1744610923/de87a2ab-326d-41ce-bcb7-f5734b695b71_ag3vnt.avif,...,listingimage
...,1,https://res.cloudinary.com/drr3w1xut/image/upload/v1744610923/8461fa98-73ae-47c7-98fd-677ea0e7cf6b_japdzz.avif,...,listingimage
...,2,https://res.cloudinary.com/drr3w1xut/image/upload/v1744610925/95c138b8-bb97-47ad-928e-b974d4f45cea_zd6ygy.avif,...,listingimage
...,3,https://res.cloudinary.com/drr3w1xut/image/upload/v1744610923/81013d22-a862-4eea-bda5-c9d2efce21dc_ohqxpt.avif,...,listingimage
...,4,https://res.cloudinary.com/drr3w1xut/image/upload/v1744610922/f043e112-5272-4fb5-be46-e1df8306c5ac_ywxien.avif,...,listingimage
...,0,https://res.cloudinary.com/drr3w1xut/image/upload/v1744101811/403635a2-2b42-470d-8441-7761daa3790a_vhrhak.avif,...,listingimage
...,1,https://res.cloudinary.com/drr3w1xut/image/upload/v1744101799/bc86b9ee-7675-4c1c-b05e-7c50bf8532eb_bmdiz6.avif,...,listingimage
...,2,https://res.cloudinary.com/drr3w1xut/image/upload/v1744101799/8c2d8934-1807-49c7-809f-2266c3de58f0_oix4vc.avif,...,listingimage
...,3,https://res.cloudinary.com/drr3w1xut/image/upload/v1744101799/1c063a37-339a-405a-9189-23e13b2ab8ef_vlhf0r.avif,...,listingimage
...,4,https://res.cloudinary.com/drr3w1xut/image/upload/v1744101799/c6ef7681-d9ea-4eca-8fe9-0dbcaa421403_jjruh6.avif,...,listingimage
...,0,https://res.cloudinary.com/drr3w1xut/image/upload/v1744173951/9a994c5d-cc07-4750-9d80-2e910ec131bb_zmj9pj.avif,...,listingimage
...,1,https://res.cloudinary.com/drr3w1xut/image/upload/v1744173951/121d55af-773b-4062-9c46-984099ea59ec_hsnnu3.avif,...,listingimage
...,2,https://res.cloudinary.com/drr3w1xut/image/upload/v1744173951/8a7be406-8272-4a5e-be17-93b86cb170b1_goedf1.avif,...,listingimage
...,3,https://res.cloudinary.com/drr3w1xut/image/upload/v1744173951/e53c1662-e59c-4997-b6f6-111c31f9647f_skesha.avif,...,listingimage
...,4,https://res.cloudinary.com/drr3w1xut/image/upload/v1744173952/3765886d-9305-4230-a864-58606261c108_ksq5fn.webp,...,listingimage
...,0,https://res.cloudinary.com/drr3w1xut/image/upload/v1744185294/c1945934-f09e-4d9f-bb9e-9aa37688e3a3_xmufxt.avif,...,listingimage
...,1,https://res.cloudinary.com/drr3w1xut/image/upload/v1744185289/119d7969-e3ef-48a7-8dcc-f13e582483f1_izlh2n.avif,...,listingimage
...,2,https://res.cloudinary.com/drr3w1xut/image/upload/v1744185285/af6cca0e-8286-4e68-8a47-2a3497040efe_qqklsr.avif,...,listingimage
...,3,https://res.cloudinary.com/drr3w1xut/image/upload/v1744185284/1d1b4643-cde8-474e-8fe9-0750fc6af851_u5ixrt.avif,...,listingimage
...,4,https://res.cloudinary.com/drr3w1xut/image/upload/v1744185295/033866d5-f527-4836-80e3-fc76ddad6971_btvlx0.avif,...,listingimage
...,0,https://res.cloudinary.com/drr3w1xut/image/upload/v1744206917/017465f1-e5b3-43ff-8d92-facd828f8fc2_msm6gy.avif,...,listingimage
...,1,https://res.cloudinary.com/drr3w1xut/image/upload/v1744206917/8d608345-ebc4-458a-b934-a6426e4e6d14_i3jko5.avif,...,listingimage
...,2,https://res.cloudinary.com/drr3w1xut/image/upload/v1744206916/5d24be61-d453-433c-b232-dcc8929ccf29_soeshr.avif,...,listingimage
...,3,https://res.cloudinary.com/drr3w1xut/image/upload/v1744206917/a4a9b43c-49a6-4e5b-b91c-ad4a4cc5d2de_rvqeit.avif,...,listingimage
...,4,https://res.cloudinary.com/drr3w1xut/image/upload/v1744206969/24f9c3ae-a192-4c43-93eb-d712a85195f4_baa5ai.avif,...,listingimage
...,0,https://res.cloudinary.com/drr3w1xut/image/upload/v1744199996/f37bdfcc-7c8f-4181-b394-f36e15a80fd5_tv0fki.avif,...,listingimage
...,1,https://res.cloudinary.com/drr3w1xut/image/upload/v1744199995/6a9b172d-1211-4b40-9019-c98f3b25c601_qgmbkt.avif,...,listingimage
...,2,https://res.cloudinary.com/drr3w1xut/image/upload/v1744199994/c378013c-29bf-403e-a3cf-835fbcea0d4e_rmzwmz.avif,...,listingimage
...,3,https://res.cloudinary.com/drr3w1xut/image/upload/v1744199995/33e697bd-c0ab-4215-9611-f1a43e1af837_dsfbw7.jpg,...,listingimage
...,4,https://res.cloudinary.com/drr3w1xut/image/upload/v1744199996/83402d1b-636c-426a-8281-41a3d28faa91_xt1ran.jpg,...,listingimage
...,0,https://res.cloudinary.com/drr3w1xut/image/upload/v1744213503/28c011e7-8eca-4d6a-9c04-81e297a5b637_uclztd.avif,...,listingimage
...,1,https://res.cloudinary.com/drr3w1xut/image/upload/v1744213503/39fe357e-04ce-4645-a6ad-14a69d11d924_eaktvk.avif,...,listingimage
...,2,https://res.cloudinary.com/drr3w1xut/image/upload/v1744213503/a99ea8c8-fe07-4426-a9d8-9540f60feff0_vpkd1w.avif,...,listingimage
...,3,https://res.cloudinary.com/drr3w1xut/image/upload/v1744213503/3652d690-e788-43b7-a560-f8b1434bb128_sev8e4.avif,...,listingimage
...,4,https://res.cloudinary.com/drr3w1xut/image/upload/v1744213502/d2236924-a39a-4d3a-b391-c4b351bbad84_uwex3v.avif,...,listingimage
...,0,https://res.cloudinary.com/drr3w1xut/image/upload/v1744203729/adb3d9d9-2162-439b-b914-f59d69ee4d43_bnrjsp.avif,...,listingimage
...,1,https://res.cloudinary.com/drr3w1xut/image/upload/v1744203728/bb645493-1c2a-4140-a3dc-56ebc9c0652a_cquxzw.avif,...,listingimage
...,2,https://res.cloudinary.com/drr3w1xut/image/upload/v1744203728/5232a719-fa4d-4f7c-8b6b-bb7de90867a1_lxzucc.avif,...,listingimage
...,3,https://res.cloudinary.com/drr3w1xut/image/upload/v1744203728/9f31424d-411d-4e45-9fb0-80975cfe45d1_kvizdt.avif,...,listingimage
...,4,https://res.cloudinary.com/drr3w1xut/image/upload/v1744203729/5b8869e0-6c20-4945-9f36-206da5358367_n7yk6w.avif,...,listingimage
...,0,https://res.cloudinary.com/drr3w1xut/image/upload/v1744210524/1e4bea76-8f15-4f4e-b18e-d23352ebf2b1_p3xdsw.avif,...,listingimage
...,1,https://res.cloudinary.com/drr3w1xut/image/upload/v1744210560/efa033eb-805a-4c30-b52d-29283d0c0aeb_w21oym.avif,...,listingimage
...,2,https://res.cloudinary.com/drr3w1xut/image/upload/v1744210562/57344c24-3578-4120-bdfb-84024caa6a19_po87kr.avif,...,listingimage
...,3,https://res.cloudinary.com/drr3w1xut/image/upload/v1744210523/0a6edb55-2f32-45f4-b310-d5749b4491c3_ptylrp.avif,...,listingimage
...,4,https://res.cloudinary.com/drr3w1xut/image/upload/v1744210524/6380fa86-28dd-4c77-9e4f-bbbee18323c8_bk2o3i.jpg,...,listingimage
...,0,https://res.cloudinary.com/drr3w1xut/image/upload/v1744734686/005f4670-3ac1-4c2a-8af5-76b1e87f57ed_qbwnpw.avif,...,listingimage
...,1,https://res.cloudinary.com/drr3w1xut/image/upload/v1744734720/f7d5db05-1589-49e7-b646-a617000d957d_eech5d.avif,...,listingimage
...,2,https://res.cloudinary.com/drr3w1xut/image/upload/v1744734684/1e668623-fd34-4aff-8f34-7f1398f8ccb8_h0hydk.avif,...,listingimage
...,3,https://res.cloudinary.com/drr3w1xut/image/upload/v1744734683/abcaec58-76dd-45c8-af30-fe2f93b72a40_giv1q2.avif,...,listingimage
...,4,https://res.cloudinary.com/drr3w1xut/image/upload/v1744734688/b860e9cd-cac2-4c85-bf53-fc704c805e90_jcqaar.jpg,...,listingimage
...,0,https://res.cloudinary.com/drr3w1xut/image/upload/v1744031883/856a21e1-b30b-4835-81f6-02c2f537c59f_viiogh.avif,...,listingimage
...,1,https://res.cloudinary.com/drr3w1xut/image/upload/v1744031883/ff43d84f-b483-4b60-b3fc-d66c8d07536c_abefqw.avif,...,listingimage
...,2,https://res.cloudinary.com/drr3w1xut/image/upload/v1744031883/d30f46fe-f11b-4452-824f-e02ff8079764_wog1rt.avif,...,listingimage
...,3,https://res.cloudinary.com/drr3w1xut/image/upload/v1744031883/2c0c1621-6296-4d43-acd0-b8be858d2b8d_rndlys.avif,...,listingimage
...,4,https://res.cloudinary.com/drr3w1xut/image/upload/v1744031883/9c4b2875-9849-4a3a-98f9-bcc9c696aaca_mejwwl.avif,...,listingimage
...,0,https://res.cloudinary.com/drr3w1xut/image/upload/v1744035763/f92d3b4f-bb3e-4e84-b4a1-2a4a37421f3d_ipr0ao.webp,...,listingimage
...,1,https://res.cloudinary.com/drr3w1xut/image/upload/v1744035758/ec534dbe-7d71-403a-bb00-1ad292f4f684_k0uayi.avif,...,listingimage
...,2,https://res.cloudinary.com/drr3w1xut/image/upload/v1744035758/5682eebf-c364-4bd2-875c-4660b2af1a91_wv6h6i.avif,...,listingimage
...,3,https://res.cloudinary.com/drr3w1xut/image/upload/v1744035762/72b509b7-23eb-4e8f-ab5e-0e2b44cb0219_sn9mgs.avif,...,listingimage
...,4,https://res.cloudinary.com/drr3w1xut/image/upload/v1744035568/813913ef-0cc5-4cc3-9fb0-b20ede8586fd_s19h6s.avif,...,listingimage
...,0,https://res.cloudinary.com/drr3w1xut/image/upload/v1744171962/8418b54e-1d3d-4269-91e6-f0f700f75d91_miffsa.avif,...,listingimage
...,1,https://res.cloudinary.com/drr3w1xut/image/upload/v1744171962/75ca8230-e02d-4ed5-979c-00c174c6c8c9_d7ujo1.webp,...,listingimage
...,2,https://res.cloudinary.com/drr3w1xut/image/upload/v1744171962/9cbd5c39-9f29-4e0f-815a-a015c26d5647_p7f34l.avif,...,listingimage
...,3,https://res.cloudinary.com/drr3w1xut/image/upload/v1744171962/166072b8-baa3-46ab-b319-575b942ec6ce_jdo058.avif,...,listingimage
...,4,https://res.cloudinary.com/drr3w1xut/image/upload/v1744171962/23342821-8743-4e51-a49b-ad60b4aafd59_jqgkha.avif,...,listingimage
...,0,https://res.cloudinary.com/drr3w1xut/image/upload/v1744204640/50668d00-094b-4bc7-afdf-497817167e40_xckjjv.avif,...,listingimage
...,1,https://res.cloudinary.com/drr3w1xut/image/upload/v1744204639/028306f1-7a3a-43bc-91ef-a7089c2470d1_hflw59.avif,...,listingimage
...,2,https://res.cloudinary.com/drr3w1xut/image/upload/v1744204639/8fc4e408-0587-49db-aaa2-021f351afd0a_osweiz.avif,...,listingimage
...,3,https://res.cloudinary.com/drr3w1xut/image/upload/v1744204639/a8adbf79-b24d-474c-bc88-42fbf8e93a97_p3swj7.avif,...,listingimage
...,4,https://res.cloudinary.com/drr3w1xut/image/upload/v1744204639/2e81a6fc-1202-4c51-bed5-55ce5ab60666_rltlwb.avif,...,listingimage
...,0,https://res.cloudinary.com/drr3w1xut/image/upload/v1744199787/0dc20155-bfd2-4f5a-b09a-9303b8edb0e0_vxwzhu.avif,...,listingimage
...,1,https://res.cloudinary.com/drr3w1xut/image/upload/v1744199787/31440a26-045a-4b80-a25d-2f88d261c0e7_ebhnzo.avif,...,listingimage
...,2,https://res.cloudinary.com/drr3w1xut/image/upload/v1744199788/b7261d90-a9a8-45c9-8d54-927b490659cc_p6ugwl.avif,...,listingimage
...,3,https://res.cloudinary.com/drr3w1xut/image/upload/v1744199788/25b1d9a0-2571-4220-bb15-9ddcc2174729_lihx2e.avif,...,listingimage
...,4,https://res.cloudinary.com/drr3w1xut/image/upload/v1744199788/848cbdeb-7d2b-45af-abc9-72c376c47e1e_lxe6oi.avif,...,listingimage
...,0,https://res.cloudinary.com/drr3w1xut/image/upload/v1744204167/181d4be2-6cb2-4306-94bf-89aa45c5de66_wevwni.avif,...,listingimage
...,1,https://res.cloudinary.com/drr3w1xut/image/upload/v1744204167/ba240b2a-4ed2-4227-9b2d-c95d6c80e9f6_tnnxwz.avif,...,listingimage
...,2,https://res.cloudinary.com/drr3w1xut/image/upload/v1744204167/6b008683-6ab4-4f9f-af97-6691e12118ca_qvqy14.avif,...,listingimage
...,3,https://res.cloudinary.com/drr3w1xut/image/upload/v1744204167/ae98e9c1-34f8-4314-8c68-12317d029a1f_nnxy6g.avif,...,listingimage
...,4,https://res.cloudinary.com/drr3w1xut/image/upload/v1744204167/d4f45cd7-58e6-4eee-b947-2901a576ad8b_z5scnq.avif,...,listingimage
...,0,https://res.cloudinary.com/drr3w1xut/image/upload/v1744036781/cd105082-0725-45e3-af92-5270b4119587_a4ioka.avif,...,listingimage
...,1,https://res.cloudinary.com/drr3w1xut/image/upload/v1744036777/069aff65-469c-4724-84ab-08730fc3b87d_vir610.avif,...,listingimage
...,2,https://res.cloudinary.com/drr3w1xut/image/upload/v1744036770/c5a3a688-d9ef-4b81-86c2-239f8b8c4560_qp0kki.avif,...,listingimage
...,3,https://res.cloudinary.com/drr3w1xut/image/upload/v1744036778/a95e4f26-f0c7-4f8e-bab5-cbfed91e343b_yhuypb.avif,...,listingimage
...,4,https://res.cloudinary.com/drr3w1xut/image/upload/v1744036780/79f8cc1b-f240-4d61-93ef-9f657ebc125e_fjpn4o.avif,...,listingimage
...,0,https://res.cloudinary.com/drr3w1xut/image/upload/v1744036554/3c1b2f7b-887a-449c-bea0-327b1c1be5bf_1_cokx7g.avif,...,listingimage
...,1,https://res.cloudinary.com/drr3w1xut/image/upload/v1744036550/d22b0ebf-e7f1-473f-94f2-e8491d48be57_ye4pai.avif,...,listingimage
...,2,https://res.cloudinary.com/drr3w1xut/image/upload/v1744036551/05ed4720-8c04-4b41-a58c-4db67c45a821_mn7mbb.avif,...,listingimage
...,3,https://res.cloudinary.com/drr3w1xut/image/upload/v1744036553/1d774894-b550-4b03-8977-f421845a5b06_vqkya7.avif,...,listingimage
...,4,https://res.cloudinary.com/drr3w1xut/image/upload/v1744036548/2a72e6bc-a8b6-4d03-bfae-33e8409d929f_j6tont.jpg,...,listingimage
...,0,https://res.cloudinary.com/drr3w1xut/image/upload/v1744211017/a5af908b-9dc7-47c7-bee6-bcb8486f997d_l0hcfm.avif,...,listingimage
...,1,https://res.cloudinary.com/drr3w1xut/image/upload/v1744211026/e34891d1-756d-4fe8-b725-93ed7f843591_tasgnv.avif,...,listingimage
...,2,https://res.cloudinary.com/drr3w1xut/image/upload/v1744211028/e429a70e-b1b3-4c5b-8c67-d0afdf8672f7_esqish.webp,...,listingimage
...,3,https://res.cloudinary.com/drr3w1xut/image/upload/v1744211020/a41730b0-802c-484c-937a-359de18225f2_svluu4.avif,...,listingimage
...,4,https://res.cloudinary.com/drr3w1xut/image/upload/v1744211018/9a811edc-a6be-48d5-8ccc-55db0e6c6ba9_rodrha.avif,...,listingimage
...,0,https://res.cloudinary.com/drr3w1xut/image/upload/v1744734951/0ed172f2-2233-4556-80b2-be300c36b788_rnlhvm.avif,...,listingimage
...,1,https://res.cloudinary.com/drr3w1xut/image/upload/v1744734951/6c6fc7c3-4d33-4aa1-b957-c2bb86e3707f_bqsbz4.avif,...,listingimage
...,2,https://res.cloudinary.com/drr3w1xut/image/upload/v1744734951/adfa01b3-341a-4421-8275-7e73bc58e654_hcwkmb.avif,...,listingimage
...,3,https://res.cloudinary.com/drr3w1xut/image/upload/v1744734968/7495334a-94b6-4557-8217-1f9be3b66801_hdn9lq.avif,...,listingimage
...,4,https://res.cloudinary.com/drr3w1xut/image/upload/v1744734952/d969c4b2-c51a-422c-bca0-53851323f5a9_buguoi.avif,...,listingimage
...,0,https://res.cloudinary.com/drr3w1xut/image/upload/v1744776287/7e434730-22fc-4ba2-b2ca-5a6cd3bc9695_uz4gm3.avif,...,listingimage
...,1,https://res.cloudinary.com/drr3w1xut/image/upload/v1744776287/085f4f9c-b8c9-4580-8ee9-8583cadd81ed_knpi9c.avif,...,listingimage
...,2,https://res.cloudinary.com/drr3w1xut/image/upload/v1744776287/36bb6130-21c7-4c4a-84f8-5e500cdd7c18_yxsgdw.avif,...,listingimage
...,3,https://res.cloudinary.com/drr3w1xut/image/upload/v1744776287/4ececc9e-d4db-4567-9660-5b9f03b94f76_b48zsh.avif,...,listingimage
...,4,https://res.cloudinary.com/drr3w1xut/image/upload/v1744776287/c5482d43-e9c9-4ebf-a08e-5fa8f8431dbe_b4bgq2.avif,...,listingimage
...,0,https://res.cloudinary.com/drr3w1xut/image/upload/v1744610571/f0bcc2c7-5839-48b0-8215-89edc56b9bca_o7jgzv.avif,...,listingimage
...,1,https://res.cloudinary.com/drr3w1xut/image/upload/v1744610571/296781b6-5ece-41e3-ab76-4b37ade668a3_nrfobj.avif,...,listingimage
...,2,https://res.cloudinary.com/drr3w1xut/image/upload/v1744610571/9b5c0c17-412a-4fa1-ad36-89884a5b3f2f_csvelh.avif,...,listingimage
...,3,https://res.cloudinary.com/drr3w1xut/image/upload/v1744610570/1eb8a459-196a-4615-83c6-81ba6fb51a9d_q1qib3.avif,...,listingimage
...,4,https://res.cloudinary.com/drr3w1xut/image/upload/v1744610570/4281dcfa-6e53-4758-b0c7-ba14e33e6247_gkaukl.avif,...,listingimage
...,0,https://res.cloudinary.com/drr3w1xut/image/upload/v1744734463/a44fa7fa-4dad-4020-a951-9531818a2a59_jicmck.avif,...,listingimage
...,1,https://res.cloudinary.com/drr3w1xut/image/upload/v1744734462/940ed31a-0871-4d6d-a4f0-2534cfbc8287_xkaxcq.avif,...,listingimage
...,2,https://res.cloudinary.com/drr3w1xut/image/upload/v1744734463/746e234b-06ad-4c3e-8671-115b79dfe774_eawva7.avif,...,listingimage
...,3,https://res.cloudinary.com/drr3w1xut/image/upload/v1744734463/16dbb7be-d3cc-4f0a-9469-e1de4ca00d12_ur7f6r.avif,...,listingimage
...,4,https://res.cloudinary.com/drr3w1xut/image/upload/v1744734465/052bb1c3-199a-4a0c-b7c1-709f690108ff_sjjzpj.avif,...,listingimage
...,0,https://res.cloudinary.com/drr3w1xut/image/upload/v1744030505/1eb3a771-ab5e-4fd8-8e09-37e82f2979f9_cgcknd.avif,...,listingimage
...,1,https://res.cloudinary.com/drr3w1xut/image/upload/v1744030485/fca7e62e-e6bb-4580-834c-1a87f537feeb_i8umzb.avif,...,listingimage
...,2,https://res.cloudinary.com/drr3w1xut/image/upload/v1744030749/1d4470ee-fe72-4abc-b69e-3fbdb88b08b0_cagu0s.avif,...,listingimage
...,3,https://res.cloudinary.com/drr3w1xut/image/upload/v1744030747/cd1c54cc-f452-4f0d-befc-6e4bc7447c87_izokms.avif,...,listingimage
...,4,https://res.cloudinary.com/drr3w1xut/image/upload/v1744030747/b47fd3e0-9f53-4271-bb80-de49658abf7b_t3u6ev.avif,...,listingimage
...,0,https://res.cloudinary.com/drr3w1xut/image/upload/v1744098317/d88ba632_original_g1du3b.avif,...,listingimage
...,1,https://res.cloudinary.com/drr3w1xut/image/upload/v1744098320/e4c2309e_original_t2embe.webp,...,listingimage
...,2,https://res.cloudinary.com/drr3w1xut/image/upload/v1744098317/be33c9cf_original_pljxyu.avif,...,listingimage
...,3,https://res.cloudinary.com/drr3w1xut/image/upload/v1744098318/33090a0a_original_fh3aaq.jpg,...,listingimage
...,4,https://res.cloudinary.com/drr3w1xut/image/upload/v1744098318/6d54e6cc_original_g5jwum.avif,...,listingimage
...,0,https://res.cloudinary.com/drr3w1xut/image/upload/v1744101927/a53fe3b9-47a1-4c90-8e7c-fac5f8011743_vgs0dy.avif,...,listingimage
...,1,https://res.cloudinary.com/drr3w1xut/image/upload/v1744101929/01c5e5e8-f196-4f04-a2cc-750b34dcc43e_q7qwyl.avif,...,listingimage
...,2,https://res.cloudinary.com/drr3w1xut/image/upload/v1744101926/682fae24-5a23-4e81-8800-c8e2ac6ee37a_ijacu6.avif,...,listingimage
...,3,https://res.cloudinary.com/drr3w1xut/image/upload/v1744101923/97740220-5f58-4f9d-b659-d283fc2d2173_gjv2qk.avif,...,listingimage
...,4,https://res.cloudinary.com/drr3w1xut/image/upload/v1744101923/e4664463-7de4-49bd-94bf-bd59150f03ed_vzlqye.avif,...,listingimage
...,0,https://res.cloudinary.com/drr3w1xut/image/upload/v1744191610/15d8d6d1-dbd7-4eb8-b5b5-5148ffb7cb63_ywjvd1.avif,...,listingimage
...,1,https://res.cloudinary.com/drr3w1xut/image/upload/v1744191549/ee9d42ff-5d09-4e9d-bc5f-5dbe09239037_yjie5p.avif,...,listingimage
...,2,https://res.cloudinary.com/drr3w1xut/image/upload/v1744191545/d45598a8-2990-44a2-b256-1e3952cd2e9b_zmo6hl.avif,...,listingimage
...,3,https://res.cloudinary.com/drr3w1xut/image/upload/v1744191553/1f7b9288-0edc-4af7-aa44-4127bae7311e_q0nwom.avif,...,listingimage
...,4,https://res.cloudinary.com/drr3w1xut/image/upload/v1744191541/93f1038e-95b4-452c-9fe8-989de0868883_hqh2ss.avif,...,listingimage
...,0,https://res.cloudinary.com/drr3w1xut/image/upload/v1744173033/bc219308-e3ea-4cd5-94bb-e39a1297aee1_rl6yrr.avif,...,listingimage
...,1,https://res.cloudinary.com/drr3w1xut/image/upload/v1744173033/2f57a843-5383-4f8a-9f1f-d79c4b139a4d_nwlzjj.avif,...,listingimage
...,2,https://res.cloudinary.com/drr3w1xut/image/upload/v1744173034/be77638f-b6cd-494f-b2fe-0ae32634be22_qf3pvx.webp,...,listingimage
...,3,https://res.cloudinary.com/drr3w1xut/image/upload/v1744173033/eea1c9cc-4f56-4212-814d-b8f9218fb793_qkxfvo.avif,...,listingimage
...,4,https://res.cloudinary.com/drr3w1xut/image/upload/v1744173034/64775391-56ed-4d33-bb63-a08d719dbd62_yzkodq.avif,...,listingimage
...,0,https://res.cloudinary.com/drr3w1xut/image/upload/v1744181581/53664cbf-8d67-4c2a-89a7-ec39688a3885_wdqgzu.avif,...,listingimage
...,1,https://res.cloudinary.com/drr3w1xut/image/upload/v1744181574/f840c693-0794-45ab-958e-b9c8810f2af1_k3qyk5.avif,...,listingimage
...,2,https://res.cloudinary.com/drr3w1xut/image/upload/v1744181549/8a3f89bb-9785-4509-90ea-d69f579a14c8_fr8vwz.avif,...,listingimage
...,3,https://res.cloudinary.com/drr3w1xut/image/upload/v1744181578/07ccb4f0-c4b6-4657-a714-f88dd2b12750_dey213.avif,...,listingimage
...,4,https://res.cloudinary.com/drr3w1xut/image/upload/v1744181577/96867a26-fef2-486a-bd56-006079f0537c_dw5syq.avif,...,listingimage
...,0,https://res.cloudinary.com/drr3w1xut/image/upload/v1744180521/af12419f-a8e8-4a6a-aa3b-b4be13b558bb_vpldjm.avif,...,listingimage
...,1,https://res.cloudinary.com/drr3w1xut/image/upload/v1744180516/9116a2c5-0ca3-4759-9406-d40847639484_rya1xe.avif,...,listingimage
...,2,https://res.cloudinary.com/drr3w1xut/image/upload/v1744180517/1030c244-65bf-40b7-86e6-0e6394512a3b_sev4cm.avif,...,listingimage
...,3,https://res.cloudinary.com/drr3w1xut/image/upload/v1744180516/c854f85b-da89-4a2c-a5b9-6ec21a622722_y6gnch.avif,...,listingimage
...,4,https://res.cloudinary.com/drr3w1xut/image/upload/v1744180521/262ae3d3-6cf5-4328-bbff-dbc457ce5a95_grcyna.avif,...,listingimage
...,0,https://res.cloudinary.com/drr3w1xut/image/upload/v1744182135/1ce08542-3d34-4487-92b2-edb8fa8f9931_xgtlgi.avif,...,listingimage
...,1,https://res.cloudinary.com/drr3w1xut/image/upload/v1744182137/71984376-340a-4254-b529-59eaee0be3c1_lrjhiu.avif,...,listingimage
...,2,https://res.cloudinary.com/drr3w1xut/image/upload/v1744182143/5d1e8a3b-2496-4304-b68b-9efb703ba2fd_bnawuq.avif,...,listingimage
...,3,https://res.cloudinary.com/drr3w1xut/image/upload/v1744182136/64f756a6-5054-4fa6-8086-140107f122d2_qdgvih.webp,...,listingimage
...,4,https://res.cloudinary.com/drr3w1xut/image/upload/v1744182136/ba7cec3b-8eb1-4e7a-b6e7-914f413daff1_h29hvh.avif,...,listingimage
...,0,https://res.cloudinary.com/drr3w1xut/image/upload/v1744205574/0068600f-e912-47ae-818b-6aed20fe774e_m6batc.webp,...,listingimage
...,1,https://res.cloudinary.com/drr3w1xut/image/upload/v1744205577/4ef11422-703e-4eaa-84a5-8fa2a79ed542_wc2kmk.avif,...,listingimage
...,2,https://res.cloudinary.com/drr3w1xut/image/upload/v1744205576/f0a9e0db-c1ab-46bf-b371-468e23cfb404_rqcisu.avif,...,listingimage
...,3,https://res.cloudinary.com/drr3w1xut/image/upload/v1744205575/a0c75be1-b646-44ac-8d21-70c6b4df2bdb_lnhioz.avif,...,listingimage
...,4,https://res.cloudinary.com/drr3w1xut/image/upload/v1744205575/a6f3e241-5e81-47f2-a22f-027711dcfe07_ammh6z.avif,...,listingimage
...,0,https://res.cloudinary.com/drr3w1xut/image/upload/v1744205821/63052c60-71b7-4169-8001-1cb01d412c64_yqw3ez.avif,...,listingimage
...,1,https://res.cloudinary.com/drr3w1xut/image/upload/v1744205822/4f6c1005-114c-453e-85ef-743069e71a1e_eqyrvn.avif,...,listingimage
...,2,https://res.cloudinary.com/drr3w1xut/image/upload/v1744205820/d6a11fc3-dca5-42b2-b8d4-578b5a62b7f3_ns7qjt.avif,...,listingimage
...,3,https://res.cloudinary.com/drr3w1xut/image/upload/v1744205820/2f00e7bf-c72a-4b01-ad21-fdb5c478ab81_yvovk7.avif,...,listingimage
...,4,https://res.cloudinary.com/drr3w1xut/image/upload/v1744205819/f6ae4c0e-c051-47ba-88b3-05b2ba907f4e_ht2r1q.avif,...,listingimage
...,0,https://res.cloudinary.com/drr3w1xut/image/upload/v1744211688/f35ec5bb-e6d2-47f4-9531-bd8b53b7c5a4_rwnhfy.avif,...,listingimage
...,1,https://res.cloudinary.com/drr3w1xut/image/upload/v1744211689/9af23c04-785e-47aa-b7fa-bae2aed90e55_owwyuk.avif,...,listingimage
...,2,https://res.cloudinary.com/drr3w1xut/image/upload/v1744211694/c49e7bb1-d087-4e61-9c30-7c3870e94229_olwa82.avif,...,listingimage
...,3,https://res.cloudinary.com/drr3w1xut/image/upload/v1744211683/fe2fe646-06fb-4691-9381-783ee0f010bb_vahm6o.avif,...,listingimage
...,4,https://res.cloudinary.com/drr3w1xut/image/upload/v1744211684/e847294e-ea6c-42d8-ba3c-468989d57c64_tpxbjv.avif,...,listingimage
...,0,https://res.cloudinary.com/drr3w1xut/image/upload/v1744732698/32178e55-6fdf-4c8d-9b0a-44e4f12e1e77_pvql7i.avif,...,listingimage
...,1,https://res.cloudinary.com/drr3w1xut/image/upload/v1744732697/926b07ad-b8fa-466f-88e0-9578f0756cec_quictm.avif,...,listingimage
...,2,https://res.cloudinary.com/drr3w1xut/image/upload/v1744732698/50b6888f-951c-4a2e-81e8-750712edd8ee_v9ojgz.avif,...,listingimage
...,3,https://res.cloudinary.com/drr3w1xut/image/upload/v1744732698/01310ba9-6e5c-458c-8ef8-074f9235a1c2_kiahay.avif,...,listingimage
...,4,https://res.cloudinary.com/drr3w1xut/image/upload/v1744732698/9725b2da-a47d-490e-b7e9-ec690eaabfd7_rggc57.avif,...,listingimage
...,0,https://res.cloudinary.com/drr3w1xut/image/upload/v1744726620/bc5c04aa-23ad-45ec-a738-b2428f8041f1_copk0u.avif,...,listingimage
...,1,https://res.cloudinary.com/drr3w1xut/image/upload/v1744726619/0aaedb17-0e12-43b3-bbb1-421095f55a5d_xzudyf.avif,...,listingimage
...,2,https://res.cloudinary.com/drr3w1xut/image/upload/v1744726619/b5f30b7c-0e3d-4769-a4fa-8a42602c05dc_p4r3bd.avif,...,listingimage
...,3,https://res.cloudinary.com/drr3w1xut/image/upload/v1744726620/9c063db7-56ed-419b-976e-6d06276e7dd7_wqkued.avif,...,listingimage
...,4,https://res.cloudinary.com/drr3w1xut/image/upload/v1744726619/f3af9a37-e2d5-4cf8-a5e5-a752034fec63_s5ac8w.avif,...,listingimage
...,0,https://res.cloudinary.com/drr3w1xut/image/upload/v1744776085/85c8e41e-4637-460c-b7be-4871206835f1_wanx14.avif,...,listingimage
...,1,https://res.cloudinary.com/drr3w1xut/image/upload/v1744776085/df018473-90db-4465-8544-b74ef725789d_qeffyd.avif,...,listingimage
...,2,https://res.cloudinary.com/drr3w1xut/image/upload/v1744776085/5e60598b-73c3-4308-8c01-044278905b88_posvpn.avif,...,listingimage
...,3,https://res.cloudinary.com/drr3w1xut/image/upload/v1744776085/dddb196a-57d2-4c3b-b12a-c07b933366f6_f0kbpv.avif,...,listingimage
...,4,https://res.cloudinary.com/drr3w1xut/image/upload/v1744776086/e40b7ce1-7e9d-4273-8782-a002a1ad0805_xddooq.avif,...,listingimage
...,0,https://res.cloudinary.com/drr3w1xut/image/upload/v1744097092/024d088d-c764-43c5-b5dc-e2b231707081_d7ub21.avif,...,listingimage
...,1,https://res.cloudinary.com/drr3w1xut/image/upload/v1744097091/002dbf09-8855-4106-b61a-36d911adef75_ikyszm.avif,...,listingimage
...,2,https://res.cloudinary.com/drr3w1xut/image/upload/v1744097090/603eeda2-5ec4-4a11-9c0a-9c9ed40b29f4_tydboc.avif,...,listingimage
...,3,https://res.cloudinary.com/drr3w1xut/image/upload/v1744097090/ed6f9def-65ee-462b-a4b0-9cdfa41d6cfd_lrqp5a.webp,...,listingimage
...,4,https://res.cloudinary.com/drr3w1xut/image/upload/v1744097092/ddfac3b0-10fc-4b15-afe2-88fa31200fdf_jccd5o.avif,...,listingimage
...,0,https://res.cloudinary.com/drr3w1xut/image/upload/v1744172514/b3cbe5b7-ca18-488b-8d90-f5bb152380ef_zj1md9.webp,...,listingimage
...,1,https://res.cloudinary.com/drr3w1xut/image/upload/v1744172513/8a04da41-5570-4984-adfe-c4966f86ba91_vz4esr.avif,...,listingimage
...,2,https://res.cloudinary.com/drr3w1xut/image/upload/v1744172513/e0f09dd5-ecad-4444-b22f-91f6f5f1fdb2_tnttzr.avif,...,listingimage
...,3,https://res.cloudinary.com/drr3w1xut/image/upload/v1744172513/6016a161-9e59-49ff-8f89-acc000f4e4ee_auujva.avif,...,listingimage
...,4,https://res.cloudinary.com/drr3w1xut/image/upload/v1744172513/374543a4-5197-4daf-93af-8693f17737c3_bubysq.webp,...,listingimage
...,0,https://res.cloudinary.com/drr3w1xut/image/upload/v1744182409/469c1c4c-ec5f-465d-9372-ff70cad66e15_hk8ys1.jpg,...,listingimage
...,1,https://res.cloudinary.com/drr3w1xut/image/upload/v1744182417/8231d6e1-c4a2-44e9-87b4-e2ed51fa61a4_n3gnyk.avif,...,listingimage
...,2,https://res.cloudinary.com/drr3w1xut/image/upload/v1744182416/b9118ad4-dab8-4a13-b993-9d634fffe54b_efkzne.avif,...,listingimage
...,3,https://res.cloudinary.com/drr3w1xut/image/upload/v1744182405/abfe33e6-07e3-4171-9143-085380c3c8c2_uzru7o.avif,...,listingimage
...,4,https://res.cloudinary.com/drr3w1xut/image/upload/v1744182404/35a13cde-d740-496c-a537-3f4c8fb2fd63_pmcx0z.avif,...,listingimage
...,0,https://res.cloudinary.com/drr3w1xut/image/upload/v1744194869/75f1cb7c-1c4d-48d6-b108-7a36f9f0af7e_dbyfxp.avif,...,listingimage
...,1,https://res.cloudinary.com/drr3w1xut/image/upload/v1744194881/e63084dd-66da-4720-9071-4a7fa4eae5e4_kmle4y.avif,...,listingimage
...,2,https://res.cloudinary.com/drr3w1xut/image/upload/v1744194883/c62e7fca-2ab6-4831-bf10-755920c1118f_mp03mt.avif,...,listingimage
...,3,https://res.cloudinary.com/drr3w1xut/image/upload/v1744194867/337c9587-d3e8-4e53-84b1-5a77eb5d7b53_hsjxfa.avif,...,listingimage
...,4,https://res.cloudinary.com/drr3w1xut/image/upload/v1744194876/edac08ae-77ea-42bb-bb67-51ca41bf8d83_dsuaeh.avif,...,listingimage
...,0,https://res.cloudinary.com/drr3w1xut/image/upload/v1744214533/fe9f63fa-8abe-4545-9f63-9ba198e336a8_m0mzhh.avif,...,listingimage
...,1,https://res.cloudinary.com/drr3w1xut/image/upload/v1744214531/48c69687-94ac-4337-a604-342133b0bc75_is4eti.avif,...,listingimage
...,2,https://res.cloudinary.com/drr3w1xut/image/upload/v1744214534/b64e863d-9c2c-47d1-a45a-00190fbba9bb_zszhlg.avif,...,listingimage
...,3,https://res.cloudinary.com/drr3w1xut/image/upload/v1744214534/36c6bad8-5704-40d5-b857-20f3a621001b_lgdrjg.avif,...,listingimage
...,4,https://res.cloudinary.com/drr3w1xut/image/upload/v1744214532/6984a32b-b597-43be-9f61-e10a3f0d9f01_tcknt9.avif,...,listingimage
...,0,https://res.cloudinary.com/drr3w1xut/image/upload/v1744197983/2e4e746b-614f-4674-993c-09fe6aa065bc_armzl7.avif,...,listingimage
...,1,https://res.cloudinary.com/drr3w1xut/image/upload/v1744197983/4ff89974-2355-4024-82d1-20040351603d_c9llqs.jpg,...,listingimage
...,2,https://res.cloudinary.com/drr3w1xut/image/upload/v1744197983/5dbbbfb7-ae72-495b-9eda-018bd6aff1eb_cdl9pf.jpg,...,listingimage
...,3,https://res.cloudinary.com/drr3w1xut/image/upload/v1744197983/d1566a78-6b73-4b14-8f55-1d74f50355ad_dm3awp.jpg,...,listingimage
...,4,https://res.cloudinary.com/drr3w1xut/image/upload/v1744197983/d3b2e4bc-838b-4d73-975e-d4cf9a8b4956_mmdnpc.jpg,...,listingimage
...,0,https://res.cloudinary.com/drr3w1xut/image/upload/v1744207211/2ed80f5b-a07a-42e7-969b-5657bf27679a_r2kflr.avif,...,listingimage
...,1,https://res.cloudinary.com/drr3w1xut/image/upload/v1744207211/72304936-dd91-45db-9560-eade28bee5df_deu5t7.avif,...,listingimage
...,2,https://res.cloudinary.com/drr3w1xut/image/upload/v1744207213/3e688eee-cb1f-4bae-98ad-0dfa3c147dff_wx0ev3.webp,...,listingimage
...,3,https://res.cloudinary.com/drr3w1xut/image/upload/v1744207216/2be331c1-b726-45f5-b2e6-23e41f0f6a78_rrfwqm.avif,...,listingimage
...,4,https://res.cloudinary.com/drr3w1xut/image/upload/v1744207211/fb860347-88b9-4a1a-acfe-d518f3f77072_ht9bji.avif,...,listingimage
...,0,https://res.cloudinary.com/drr3w1xut/image/upload/v1744198380/bbb0900c-cd09-4733-88d6-4131c35b41af_rxtgbf.avif,...,listingimage
...,1,https://res.cloudinary.com/drr3w1xut/image/upload/v1744198380/920acbfb-82b8-4713-8b53-980114d7c68d_tgcmk7.avif,...,listingimage
...,2,https://res.cloudinary.com/drr3w1xut/image/upload/v1744198380/be026cd3-8c06-48b9-a353-626b4372b901_kmmlhx.avif,...,listingimage
...,3,https://res.cloudinary.com/drr3w1xut/image/upload/v1744198380/241cb0e3-67f9-4bc6-9e4b-06a3df1b4dad_yxt7gc.avif,...,listingimage
...,4,https://res.cloudinary.com/drr3w1xut/image/upload/v1744198379/32d1c784-d11b-4aea-afff-a1d4d57bc5e4_shzjvv.avif,...,listingimage
...,0,https://res.cloudinary.com/drr3w1xut/image/upload/v1744609298/94f8077b-1468-4903-a8f0-a98103f06acf_fbfngo.avif,...,listingimage
...,1,https://res.cloudinary.com/drr3w1xut/image/upload/v1744609298/10245532-a7e4-48f6-be89-b0aa68e7b80b_l5qpij.avif,...,listingimage
...,2,https://res.cloudinary.com/drr3w1xut/image/upload/v1744609298/038d09e6-2371-4783-b6a1-2508da4bd442_bieoti.avif,...,listingimage
...,3,https://res.cloudinary.com/drr3w1xut/image/upload/v1744609297/be6142cf-9fc7-46c2-af2a-d6a515d793d5_bymtbn.avif,...,listingimage
...,4,https://res.cloudinary.com/drr3w1xut/image/upload/v1744609298/ec2f94af-8c8a-437d-93f4-c0e96683085e_b7zkyv.avif,...,listingimage
...,0,https://res.cloudinary.com/drr3w1xut/image/upload/v1744559458/f4b22e6b-81b1-401b-b807-beb01a53070a_h1svps.avif,...,listingimage
...,1,https://res.cloudinary.com/drr3w1xut/image/upload/v1744559458/be46bfc6-4819-4e24-a0d8-1c08fa5954a6_hwahen.avif,...,listingimage
...,2,https://res.cloudinary.com/drr3w1xut/image/upload/v1744559458/53f08b9d-eecd-4f11-b707-c658abf9ae10_zpuep3.avif,...,listingimage
...,3,https://res.cloudinary.com/drr3w1xut/image/upload/v1744559458/db750909-0f8c-4768-95b6-fba090204f21_tf7gnd.avif,...,listingimage
...,4,https://res.cloudinary.com/drr3w1xut/image/upload/v1744559458/c3206809-8f48-46d6-9e1a-b7ed595e9267_qgc79a.avif,...,listingimage
...,0,https://res.cloudinary.com/drr3w1xut/image/upload/v1744031552/fa31f5a3-b9b5-4912-91a2-7738e7c93ad3_x99m45.avif,...,listingimage
...,1,https://res.cloudinary.com/drr3w1xut/image/upload/v1744031551/b3bb180e-5f83-48d6-93f0-b14b91eedbf2_m6j0hu.avif,...,listingimage
...,2,https://res.cloudinary.com/drr3w1xut/image/upload/v1744031552/333facdb-dc73-4600-afb3-672255eb999a_ezebcz.avif,...,listingimage
...,3,https://res.cloudinary.com/drr3w1xut/image/upload/v1744031552/a8187ec7-68d2-4b8e-a2dd-60f43252dffc_mjpi7r.avif,...,listingimage
...,4,https://res.cloudinary.com/drr3w1xut/image/upload/v1744031552/020e2db1-54cc-499a-b593-789e97a7922e_xwxnht.avif,...,listingimage
...,0,https://res.cloudinary.com/drr3w1xut/image/upload/v1744085686/2c3f656b-652a-4774-8720-d839803e21c8_zwhbkq.avif,...,listingimage
...,1,https://res.cloudinary.com/drr3w1xut/image/upload/v1744085686/0506ad31-5d14-443f-b42f-f87ef0d2e3cd_f1mykj.avif,...,listingimage
...,2,https://res.cloudinary.com/drr3w1xut/image/upload/v1744085686/456c3274-2e1c-4e3d-ad44-2d9b81d895da_ytzlcu.avif,...,listingimage
...,3,https://res.cloudinary.com/drr3w1xut/image/upload/v1744085686/54438b62-f9d8-46f4-a2e8-a49607cc801a_nonjpn.avif,...,listingimage
...,4,https://res.cloudinary.com/drr3w1xut/image/upload/v1744085686/ad557555-d2b1-451e-be2c-5916cdfac8dd_mwgtwn.avif,...,listingimage
...,0,https://res.cloudinary.com/drr3w1xut/image/upload/v1744175867/dd802027-41e1-4fe7-b95f-bb9aaf36096c_ejviqv.avif,...,listingimage
...,1,https://res.cloudinary.com/drr3w1xut/image/upload/v1744175863/75415f5c-dc15-4461-b183-7c13fa7a587d_jhioqh.avif,...,listingimage
...,2,https://res.cloudinary.com/drr3w1xut/image/upload/v1744175863/87e1fb3e-ce28-4e7c-8982-de7cd78314a8_dtsstr.avif,...,listingimage
...,3,https://res.cloudinary.com/drr3w1xut/image/upload/v1744175863/0e25368f-2b3d-4fc8-a18f-ebd87d977b7c_c4iwql.avif,...,listingimage
...,4,https://res.cloudinary.com/drr3w1xut/image/upload/v1744175942/062b7bc1-4821-4a41-9f2f-e26d91842d44_trmc3x.avif,...,listingimage
...,0,https://res.cloudinary.com/drr3w1xut/image/upload/v1744214282/b19312e3-0eb8-4d13-90be-1a3118e262b5_qyttiu.avif,...,listingimage
...,1,https://res.cloudinary.com/drr3w1xut/image/upload/v1744214283/0643341b-47f9-4502-968e-718488c915a7_hawpv0.avif,...,listingimage
...,2,https://res.cloudinary.com/drr3w1xut/image/upload/v1744214285/9f664b47-338b-4723-b818-c4db361a9aaa_iotwvl.jpg,...,listingimage
...,3,https://res.cloudinary.com/drr3w1xut/image/upload/v1744214285/6010db81-ed90-4c7a-bd0a-e3b64293c60d_f3jzeq.jpg,...,listingimage
...,4,https://res.cloudinary.com/drr3w1xut/image/upload/v1744214284/a13b6c8b-43d8-4e89-b177-92a6cbdaa469_n1oae7.avif,...,listingimage
...,0,https://res.cloudinary.com/drr3w1xut/image/upload/v1744207628/0cea6faf-6dab-408a-ad9b-3e9dfae17359_ycbktt.avif,...,listingimage
...,1,https://res.cloudinary.com/drr3w1xut/image/upload/v1744207627/d107bc13-b9a5-4750-8270-19b0c9e72ebb_cajs3v.avif,...,listingimage
...,2,https://res.cloudinary.com/drr3w1xut/image/upload/v1744207628/b28df39d-a5b2-4902-9ed1-4fafc9810395_uhwo0b.avif,...,listingimage
...,3,https://res.cloudinary.com/drr3w1xut/image/upload/v1744207629/db78ede5-6045-4c7b-b44b-4d709f02c8a4_kzohi6.avif,...,listingimage
...,4,https://res.cloudinary.com/drr3w1xut/image/upload/v1744207628/c3a650d3-185e-4928-9ae1-e1b247f9bb9c_s10gix.avif,...,listingimage
...,0,https://res.cloudinary.com/drr3w1xut/image/upload/v1744731788/e4664463-7de4-49bd-94bf-bd59150f03ed_x8fbav.avif,...,listingimage
...,1,https://res.cloudinary.com/drr3w1xut/image/upload/v1744731786/01c5e5e8-f196-4f04-a2cc-750b34dcc43e_aeennl.avif,...,listingimage
...,2,https://res.cloudinary.com/drr3w1xut/image/upload/v1744731786/73413c31-3724-46f3-a31a-4439164d58b9_b6liqj.avif,...,listingimage
...,3,https://res.cloudinary.com/drr3w1xut/image/upload/v1744731786/682fae24-5a23-4e81-8800-c8e2ac6ee37a_dklinj.avif,...,listingimage
...,4,https://res.cloudinary.com/drr3w1xut/image/upload/v1744731786/97740220-5f58-4f9d-b659-d283fc2d2173_yw9zqy.avif,...,listingimage
...,0,https://res.cloudinary.com/drr3w1xut/image/upload/v1744097873/80e82bd6-4c01-4cb5-97cc-2b595d6e3871_myf4sb.avif,...,listingimage
...,1,https://res.cloudinary.com/drr3w1xut/image/upload/v1744097873/fb6bdbde-a337-4e2b-bbcb-8d37b8b3f8ab_xpxtkj.avif,...,listingimage
...,2,https://res.cloudinary.com/drr3w1xut/image/upload/v1744097874/e4beb267-7944-4186-811d-6ae30a8f33b2_zecytu.avif,...,listingimage
...,3,https://res.cloudinary.com/drr3w1xut/image/upload/v1744097874/02675bb3-7cfd-422d-941c-721454137b68_i6ourc.avif,...,listingimage
...,4,https://res.cloudinary.com/drr3w1xut/image/upload/v1744097873/70f58ff0-e9bb-425e-9d8c-2450e8cbd33d_irndov.avif,...,listingimage
...,0,https://res.cloudinary.com/drr3w1xut/image/upload/v1744036165/e1387ceb-abdb-4fcb-9236-bd90da2e8c55_tngyrp.avif,...,listingimage
...,1,https://res.cloudinary.com/drr3w1xut/image/upload/v1744036162/d19adffd-85fa-4c7e-a46c-08c15530237f_cur2lj.avif,...,listingimage
...,2,https://res.cloudinary.com/drr3w1xut/image/upload/v1744036162/97b80cc6-bdb6-4aff-a80d-9f780ebf46c3_ornlxe.avif,...,listingimage
...,3,https://res.cloudinary.com/drr3w1xut/image/upload/v1744036162/a675daa4-6edc-4218-80f9-5549c80c4ab9_bbdhq6.avif,...,listingimage
...,4,https://res.cloudinary.com/drr3w1xut/image/upload/v1744036161/b7854c47-4521-48ed-a3ae-30f63d8561a3_l6pnek.avif,...,listingimage
...,0,https://res.cloudinary.com/drr3w1xut/image/upload/v1744084204/6b4b8983-c18c-4b47-9a4f-1a012ad87fa4_s5wqxv.avif,...,listingimage
...,1,https://res.cloudinary.com/drr3w1xut/image/upload/v1744084204/d5262943-f800-4cd8-ba2a-4f51a7ff9cb5_yzg6jz.avif,...,listingimage
...,2,https://res.cloudinary.com/drr3w1xut/image/upload/v1744084204/d0d71afa-ab15-4ac2-a7f8-2f70e2410e95_okuxbf.avif,...,listingimage
...,3,https://res.cloudinary.com/drr3w1xut/image/upload/v1744084436/2e6b7d2d-b82d-4595-9b9f-bfd8360461fb_rjchmc.avif,...,listingimage
...,4,https://res.cloudinary.com/drr3w1xut/image/upload/v1744084204/785485e0-f9e9-44f9-bc19-67657ebf4cf4_usgz2y.avif,...,listingimage
...,0,https://res.cloudinary.com/drr3w1xut/image/upload/v1744180873/2419cf9c-8841-4b6a-ab0a-d2580ec3f2bc_racjib.avif,...,listingimage
...,1,https://res.cloudinary.com/drr3w1xut/image/upload/v1744180869/e02a1320-f640-47c8-a22c-04e7c546b1db_zajrm5.avif,...,listingimage
...,2,https://res.cloudinary.com/drr3w1xut/image/upload/v1744180868/01da25d6-c147-4140-8c92-720d2af63463_cmssje.jpg,...,listingimage
...,3,https://res.cloudinary.com/drr3w1xut/image/upload/v1744180867/67415279-43e5-47a3-b724-708bc0bf4219_jgqpph.avif,...,listingimage
...,4,https://res.cloudinary.com/drr3w1xut/image/upload/v1744180867/b258acab-545d-4193-9068-d00db30bac3f_gd8pna.avif,...,listingimage
...,0,https://res.cloudinary.com/drr3w1xut/image/upload/v1744185591/867b5498-1b3c-4603-b95f-6c5289e8b312_ugdtr9.avif,...,listingimage
...,1,https://res.cloudinary.com/drr3w1xut/image/upload/v1744185589/db033355-37c8-4d3e-a1c5-e3d05f7025c2_tmu0k1.avif,...,listingimage
...,2,https://res.cloudinary.com/drr3w1xut/image/upload/v1744185598/25a556da-2795-441f-9ca0-5a93910bcf0e_o0a0k1.avif,...,listingimage
...,3,https://res.cloudinary.com/drr3w1xut/image/upload/v1744185602/33d2d2b1-da5c-4e7c-abcc-e7ff12b66207_lhxvfg.avif,...,listingimage
...,4,https://res.cloudinary.com/drr3w1xut/image/upload/v1744185602/e3b0fb96-cf3d-454d-a41b-a027a34f7804_vvwwdl.avif,...,listingimage
...,0,https://res.cloudinary.com/drr3w1xut/image/upload/v1744174259/af35b904-5b43-4224-a8f9-45a546076cc3_wlbzm3.avif,...,listingimage
...,1,https://res.cloudinary.com/drr3w1xut/image/upload/v1744174258/3ccd5c15-52e7-4172-a874-1e7f28f9a3ae_x6ybem.avif,...,listingimage
...,2,https://res.cloudinary.com/drr3w1xut/image/upload/v1744174257/1ddb19a3-6be5-4165-b1bc-ab6432c3ff52_qj0qgg.avif,...,listingimage
...,3,https://res.cloudinary.com/drr3w1xut/image/upload/v1744174258/c437a1a3-9d89-4411-9f72-8f783b885791_uqxvfx.avif,...,listingimage
...,4,hhttps://res.cloudinary.com/drr3w1xut/image/upload/v1744174257/88b77364-d156-4480-8071-35f87173f80c_tzca1e.avif,...,listingimage
...,0,https://res.cloudinary.com/drr3w1xut/image/upload/v1744214817/719d4bd7-7a71-4268-ad5e-79c9d4459737_ih8nax.avif,...,listingimage
...,1,https://res.cloudinary.com/drr3w1xut/image/upload/v1744214818/7570b293-38ec-43f8-a7d8-0dcdc9e9a796_ab3ipb.avif,...,listingimage
...,2,https://res.cloudinary.com/drr3w1xut/image/upload/v1744214820/c0cb455f-9c7f-462b-a3dd-c1076f44c752_t1xxk5.avif,...,listingimage
...,3,https://res.cloudinary.com/drr3w1xut/image/upload/v1744214816/f7eefba8-04fa-4843-99b0-7c9bb33b7ff0_xmmete.avif,...,listingimage
...,4,https://res.cloudinary.com/drr3w1xut/image/upload/v1744214817/fc9dbf55-3468-4ba3-ad32-84c84da61faf_gz73rr.avif,...,listingimage
...,0,https://res.cloudinary.com/drr3w1xut/image/upload/v1744609689/523866a7-fdde-4171-8e02-84ff58161f34_wgkw9f.avif,...,listingimage
...,1,https://res.cloudinary.com/drr3w1xut/image/upload/v1744609688/0f6d8c9c-1098-4d14-b8a9-9a5551b2ca28_atczro.avif,...,listingimage
...,2,https://res.cloudinary.com/drr3w1xut/image/upload/v1744609688/43a0f074-93e2-4245-a192-608fc6e24839_d8kg01.avif,...,listingimage
...,3,https://res.cloudinary.com/drr3w1xut/image/upload/v1744609688/8a5d7d90-f5c9-49c8-a9b6-22aaacf2cc66_htyz4m.avif,...,listingimage
...,4,https://res.cloudinary.com/drr3w1xut/image/upload/v1744609688/edf3fa4e-e9b2-4559-966a-943b631408e4_qa9hik.avif,...,listingimage
...,0,https://res.cloudinary.com/drr3w1xut/image/upload/v1744040327/6324a380-8705-47a8-8b09-c115587a406f_iqywxt.avif,...,listingimage
...,1,https://res.cloudinary.com/drr3w1xut/image/upload/v1744040330/fae57111-f0e5-4c77-873c-f38c9e3cd5ff_dvpq13.avif,...,listingimage
...,2,https://res.cloudinary.com/drr3w1xut/image/upload/v1744040332/1011019f-1bf3-4a42-af00-ba295567a6da_ru2all.avif,...,listingimage
...,3,https://res.cloudinary.com/drr3w1xut/image/upload/v1744040328/4a393756-1fb4-4a4e-a4df-7dbb31280abe_ezsozt.avif,...,listingimage
...,4,https://res.cloudinary.com/drr3w1xut/image/upload/v1744040191/1a291def-1a04-4d37-9570-98c06ba7e221_xiuycg.avif,...,listingimage
...,0,https://res.cloudinary.com/drr3w1xut/image/upload/v1744087968/58f2da36-7709-4a7c-9ff9-9868a2f3035f_ofyyau.avif,...,listingimage
...,1,https://res.cloudinary.com/drr3w1xut/image/upload/v1744087965/a2509567-8fa3-472a-9ee0-fb0a2f752f9e_yndlhk.webp,...,listingimage
...,2,https://res.cloudinary.com/drr3w1xut/image/upload/v1744087963/5cbcbf26-f0a5-42b6-bd12-d099fa9a0c50_lctchl.avif,...,listingimage
...,3,https://res.cloudinary.com/drr3w1xut/image/upload/v1744087964/83e8f2c7-d01e-4692-96e1-40292d3f46c7_pooduh.avif,...,listingimage
...,4,https://res.cloudinary.com/drr3w1xut/image/upload/v1744087963/ba7267f3-ab29-46db-97e6-77e444c45b48_iqorrt.avif,...,listingimage
...,0,https://res.cloudinary.com/drr3w1xut/image/upload/v1744191247/b87046c6-c860-4469-87b5-62b5201f2310_kty0nc.avif,...,listingimage
...,1,https://res.cloudinary.com/drr3w1xut/image/upload/v1744191244/b345dad5-fbba-4c53-8f0f-af1b6b9fe395_z9hhnd.avif,...,listingimage
...,2,https://res.cloudinary.com/drr3w1xut/image/upload/v1744191249/bf01ff10-40d0-4c8c-8bd8-1d21c5c7dd64_v8jmcy.avif,...,listingimage
...,3,https://res.cloudinary.com/drr3w1xut/image/upload/v1744191255/6fb21ec8-d3f7-49a3-88ee-6b75f5ed2072_au2d73.avif,...,listingimage
...,4,https://res.cloudinary.com/drr3w1xut/image/upload/v1744191240/4992ac0e-0046-4683-9ee8-75bcbce7d65f_wjckpt.avif,...,listingimage
...,0,https://res.cloudinary.com/drr3w1xut/image/upload/v1744194671/5076f248-96a3-4327-9f07-90032c4e6dd3_ftrfdw.avif,...,listingimage
...,1,https://res.cloudinary.com/drr3w1xut/image/upload/v1744194639/16a4c8e6-206b-4d6f-a176-711cadc52711_xj3ful.avif,...,listingimage
...,2,https://res.cloudinary.com/drr3w1xut/image/upload/v1744194639/9cef814a-ae31-4301-8f58-b5039dfbdfb5_ndhqrb.avif,...,listingimage
...,3,https://res.cloudinary.com/drr3w1xut/image/upload/v1744194655/da9da014-986f-4357-972b-7a1ba0afc09e_z6jgws.avif,...,listingimage
...,4,https://res.cloudinary.com/drr3w1xut/image/upload/v1744194646/6d41fb07-761c-4eb0-bebe-a2e14d21bc67_xjwobi.avif,...,listingimage
...,0,https://res.cloudinary.com/drr3w1xut/image/upload/v1744186640/d3d44c4d-7434-456c-8701-d9863da219b4_b6q9yx.avif,...,listingimage
...,1,https://res.cloudinary.com/drr3w1xut/image/upload/v1744186639/2c127fba-90d9-4645-a769-63291dd180f2_okmh0v.avif,...,listingimage
...,2,https://res.cloudinary.com/drr3w1xut/image/upload/v1744186642/4005ddfd-3f34-4cb6-8b53-9907d1310d44_dnwrp3.avif,...,listingimage
...,3,https://res.cloudinary.com/drr3w1xut/image/upload/v1744186653/0964f7f2-8185-49b1-92ac-21c76d8c3009_er5adu.avif,...,listingimage
...,4,https://res.cloudinary.com/drr3w1xut/image/upload/v1744186648/aea8d46f-337e-4cb5-86fd-379c10744ba4_ossuox.avif,...,listingimage
...,0,https://res.cloudinary.com/drr3w1xut/image/upload/v1744199291/62acfab9-a9e5-43e8-b6e7-927c805e9e98_zs4gt9.avif,...,listingimage
...,1,https://res.cloudinary.com/drr3w1xut/image/upload/v1744199290/a43682ee-3b8d-48b7-9a54-12385b12a167_aehjg5.avif,...,listingimage
...,2,https://res.cloudinary.com/drr3w1xut/image/upload/v1744199290/9d9a706d-ab26-4e54-abe7-0e0f62b4311a_fe82jx.webp,...,listingimage
...,3,https://res.cloudinary.com/drr3w1xut/image/upload/v1744199290/2096c8b8-947a-493d-9bf6-6b0cd88df9d9_rvxdef.avif,...,listingimage
...,4,https://res.cloudinary.com/drr3w1xut/image/upload/v1744199291/0e26f2d9-a590-45c2-b0aa-569a607b672b_svgeet.jpg,...,listingimage
...,0,https://res.cloudinary.com/drr3w1xut/image/upload/v1744213646/60aa83f6-1ff9-4e8a-941d-4ce11eb4a561_svprcv.avif,...,listingimage
...,1,https://res.cloudinary.com/drr3w1xut/image/upload/v1744213647/a958ee76-8eeb-486a-abec-a908a28dc782_qjnjh4.avif,...,listingimage
...,2,https://res.cloudinary.com/drr3w1xut/image/upload/v1744213646/a4b5c3ed-4ce0-4204-a490-a2cb55255e72_wv86va.avif,...,listingimage
...,3,https://res.cloudinary.com/drr3w1xut/image/upload/v1744213650/5c50564d-ac17-468a-9758-cad36e6ab7f3_azytmb.avif,...,listingimage
...,4,https://res.cloudinary.com/drr3w1xut/image/upload/v1744213647/552b8cbd-109b-4a87-bb7f-9d1009067676_o6gc3g.avif,...,listingimage
...,0,https://res.cloudinary.com/drr3w1xut/image/upload/v1744215412/28288db8-4894-4878-9d86-8d45d0f50e2b_nkoece.avif,...,listingimage
...,1,https://res.cloudinary.com/drr3w1xut/image/upload/v1744215411/13887ea3-3cd4-4ff1-8859-a0242a505146_c0e6ne.avif,...,listingimage
...,2,https://res.cloudinary.com/drr3w1xut/image/upload/v1744215416/10522395-5c49-4a76-9c12-342c86b56a73_sgvfjq.jpg,...,listingimage
...,3,https://res.cloudinary.com/drr3w1xut/image/upload/v1744215415/4c4523e0-f173-40cb-b8b5-72c7f88df15f_zbx7uf.avif,...,listingimage
...,4,https://res.cloudinary.com/drr3w1xut/image/upload/v1744215412/96a51eb5-f788-43ba-8f0c-afcf945405bf_hks91g.jpg,...,listingimage
...,0,https://res.cloudinary.com/drr3w1xut/image/upload/v1744608887/b1720105-127d-435c-9380-867387904046_hd0dfc.avif,...,listingimage
...,1,https://res.cloudinary.com/drr3w1xut/image/upload/v1744608886/a91757a7-641f-4b8b-86fd-9705c4c496e3_xu4qmx.avif,...,listingimage
...,2,https://res.cloudinary.com/drr3w1xut/image/upload/v1744608886/c16a34c7-7c29-4d1c-b270-d125d5fb4ae2_ruysig.avif,...,listingimage
...,3,https://res.cloudinary.com/drr3w1xut/image/upload/v1744608887/df697f3f-7d26-4f17-b94a-240bb2f9fdb3_p8c7uq.avif,...,listingimage
...,4,https://res.cloudinary.com/drr3w1xut/image/upload/v1744608887/b26f5d31-ae42-4539-a3d8-702958bf1c04_hixof3.avif,...,listingimage
...,0,https://res.cloudinary.com/drr3w1xut/image/upload/v1744261541/5dfd9e97-2be0-474d-b347-b69fcc0ecfad_oagkkq.avif,...,listingimage
...,1,https://res.cloudinary.com/drr3w1xut/image/upload/v1744261541/3090c67a-4b14-4bd7-b4e2-def66664f619_iav0qo.avif,...,listingimage
...,2,https://res.cloudinary.com/drr3w1xut/image/upload/v1744261541/3b934c54-7b2d-4c5a-9200-9f17873ab529_ffnt5n.avif,...,listingimage
...,3,https://res.cloudinary.com/drr3w1xut/image/upload/v1744261541/7a6d2716-8340-4825-8df5-c4dbef5a8cc8_fnpr3x.avif,...,listingimage
...,4,https://res.cloudinary.com/drr3w1xut/image/upload/v1744261541/43e578a8-f785-425b-90f7-5db7345c79f4_d99iig.avif,...,listingimage
...,0,https://res.cloudinary.com/drr3w1xut/image/upload/v1744190961/68d0b65f-ae2e-40e9-823f-ac796573c149_kllopr.avif,...,listingimage
...,1,https://res.cloudinary.com/drr3w1xut/image/upload/v1744190964/537656a1-a69e-472b-a87e-ee0fd6ea4109_cmlbmq.webp,...,listingimage
...,2,https://res.cloudinary.com/drr3w1xut/image/upload/v1744190944/3de58ff3-c36f-48b2-bd88-60b04f499a07_mtf974.avif,...,listingimage
...,3,https://res.cloudinary.com/drr3w1xut/image/upload/v1744190925/56bf4355-a50e-4b90-9439-ee33c159092a_jgjlcq.avif,...,listingimage
...,4,https://res.cloudinary.com/drr3w1xut/image/upload/v1744190920/c39644f9-0f46-4818-abd1-f96c44220adc_ucc0fd.avif,...,listingimage
...,0,https://res.cloudinary.com/drr3w1xut/image/upload/v1744215006/758c73af-e986-41a9-b7c7-18e90cea9feb_m8fsdb.avif,...,listingimage
...,1,https://res.cloudinary.com/drr3w1xut/image/upload/v1744215006/b3a9f1a9-c332-411c-9272-962533ac65e4_lq9re5.avif,...,listingimage
...,2,https://res.cloudinary.com/drr3w1xut/image/upload/v1744215010/68896ef1-1587-4e2a-9c3b-5c2279fadc67_zqr4nl.avif,...,listingimage
...,3,https://res.cloudinary.com/drr3w1xut/image/upload/v1744215011/58b7e04a-a6ae-444d-8b45-975e216d26a2_d83iun.jpg,...,listingimage
...,4,https://res.cloudinary.com/drr3w1xut/image/upload/v1744215007/b34f52ad-88af-4d26-a28f-388007040050_l4xfog.jpg,...,listingimage
...,0,https://res.cloudinary.com/drr3w1xut/image/upload/v1744199558/37ea7750-608f-439c-bb0c-3734ce5fe8de_p9wtwq.avif,...,listingimage
...,1,https://res.cloudinary.com/drr3w1xut/image/upload/v1744199558/88a8aac0-cd13-416e-a53a-0d5203545c59_b0b1lr.avif,...,listingimage
...,2,https://res.cloudinary.com/drr3w1xut/image/upload/v1744199558/462629d1-fa43-4f21-99fd-bf2248a1400c_yqbrju.avif,...,listingimage
...,3,https://res.cloudinary.com/drr3w1xut/image/upload/v1744199557/12bce299-be89-4968-8838-6c45eaa635ed_iik8a9.avif,...,listingimage
...,4,https://res.cloudinary.com/drr3w1xut/image/upload/v1744199557/9980ac17-6649-483f-91b0-1f3d9ab05a57_jrm4xt.avif,...,listingimage
...,0,https://res.cloudinary.com/drr3w1xut/image/upload/v1744041130/5b09f34f-3cf1-481a-b648-0cb08f876d61_ohm5iy.avif,...,listingimage
...,1,https://res.cloudinary.com/drr3w1xut/image/upload/v1744041128/e8a301df-dba7-43b8-8ea8-9478c187ff87_ja7slc.avif,...,listingimage
...,2,https://res.cloudinary.com/drr3w1xut/image/upload/v1744041131/5eb8b27b-9287-4cfc-a7eb-67788069a9db_oz8rb7.avif,...,listingimage
...,3,https://res.cloudinary.com/drr3w1xut/image/upload/v1744041127/5f808125-73af-4f7d-8007-ec84f5c17b2a_svlz0p.avif,...,listingimage
...,4,https://res.cloudinary.com/drr3w1xut/image/upload/v1744041127/92ba0fbb-041e-415a-9047-98ca91638ebb_sz1s4e.avif,...,listingimage
...,0,https://res.cloudinary.com/drr3w1xut/image/upload/v1744084977/afc3725f-91b7-4706-bf1f-9edc48af3942_m7s2np.avif,...,listingimage
...,1,https://res.cloudinary.com/drr3w1xut/image/upload/v1744084977/61b3d6a6-aed0-4eee-85b6-ae613260026c_iu55tj.avif,...,listingimage
...,2,https://res.cloudinary.com/drr3w1xut/image/upload/v1744084977/f7f74086-5921-46cb-99af-86a817f2d796_awgrxe.avif,...,listingimage
...,3,https://res.cloudinary.com/drr3w1xut/image/upload/v1744084996/d3ddbee8-8656-484f-a614-948e91ff42bf_fli3jt.avif,...,listingimage
...,4,https://res.cloudinary.com/drr3w1xut/image/upload/v1744084977/14841c75-b385-4d09-8283-1d82e16029c0_bhiclo.avif,...,listingimage
...,0,https://res.cloudinary.com/drr3w1xut/image/upload/v1744195517/b8311341-725f-4bfc-9cf2-fda0a1687ec3_g9y5zd.avif,...,listingimage
...,1,https://res.cloudinary.com/drr3w1xut/image/upload/v1744195530/0f9c8fd6-1530-4ee4-ad81-5cd9f927690f_tcy8fp.jpg,...,listingimage
...,2,https://res.cloudinary.com/drr3w1xut/image/upload/v1744195527/a6ee4f5e-229a-4ad6-87dd-3bd28ade10da_ocjj7r.jpg,...,listingimage
...,3,https://res.cloudinary.com/drr3w1xut/image/upload/v1744195516/fd2ece04-6d35-453f-bd85-85f16b8a4732_oueid1.avif,...,listingimage
...,4,https://res.cloudinary.com/drr3w1xut/image/upload/v1744195522/affac0c3-efd9-4006-a83e-7e88d4c712a2_fib9mz.avif,...,listingimage
...,0,https://res.cloudinary.com/drr3w1xut/image/upload/v1744211946/d501bd02-373b-4070-ae2a-d56a1575b26c_vszodf.avif,...,listingimage
...,1,https://res.cloudinary.com/drr3w1xut/image/upload/v1744211950/46baf72e-4b39-4963-a108-56f3ac26188a_l5e6jk.avif,...,listingimage
...,2,https://res.cloudinary.com/drr3w1xut/image/upload/v1744211955/259f4a07-6e4e-46f2-9ebf-c49740783d1b_x93iga.avif,...,listingimage
...,3,https://res.cloudinary.com/drr3w1xut/image/upload/v1744211959/eec73396-e5a6-4d80-bf66-1359aff4c371_rc2vc5.avif,...,listingimage
...,4,https://res.cloudinary.com/drr3w1xut/image/upload/v1744211945/56aa6b61-4426-4459-ab6c-b03cbf8371a0_wfq47p.avif,...,listingimage
...,0,https://res.cloudinary.com/drr3w1xut/image/upload/v1744733284/6b53eccf-25cb-4037-b82c-efb4d066d39c_ytneel.avif,...,listingimage
...,1,https://res.cloudinary.com/drr3w1xut/image/upload/v1744733284/bacd9850-2de9-4ebb-840c-17596480235a_zpjerx.avif,...,listingimage
...,2,https://res.cloudinary.com/drr3w1xut/image/upload/v1744733285/2503fa09-7882-4e74-98e4-3edfc26fd59c_kwodrd.avif,...,listingimage
...,3,https://res.cloudinary.com/drr3w1xut/image/upload/v1744733284/3995a1f7-cb34-4424-8231-1d41714934f4_yx7c2v.avif,...,listingimage
...,4,https://res.cloudinary.com/drr3w1xut/image/upload/v1744733285/53cf5b7a-bec7-4b80-847b-f4c196667bcf_ut3m1a.avif,...,listingimage
...,0,https://res.cloudinary.com/drr3w1xut/image/upload/v1744608328/cdd1a280-b308-461c-85ad-51fb8125a2ef_sglvm3.avif,...,listingimage
...,1,https://res.cloudinary.com/drr3w1xut/image/upload/v1744608329/832f221d-8283-4fd8-970d-8f9b2101be01_iahi7y.avif,...,listingimage
...,2,https://res.cloudinary.com/drr3w1xut/image/upload/v1744608329/a610e396-8f92-4551-bb33-940a50506b83_pvpuve.avif,...,listingimage
...,3,https://res.cloudinary.com/drr3w1xut/image/upload/v1744608329/ab54c76e-5d86-4717-99ef-fb8253afc0fd_fqbw2u.avif,...,listingimage
...,4,https://res.cloudinary.com/drr3w1xut/image/upload/v1744608330/1c7c1133-aa45-4f85-9153-bac568fa7845_ccpkcj.avif,...,listingimage
...,0,https://res.cloudinary.com/drr3w1xut/image/upload/v1744212132/28a672ca-796a-44e5-aee3-f844acab53e0_sfb6cl.avif,...,listingimage
...,1,https://res.cloudinary.com/drr3w1xut/image/upload/v1744211959/eec73396-e5a6-4d80-bf66-1359aff4c371_rc2vc5.avif,...,listingimage
...,2,https://res.cloudinary.com/drr3w1xut/image/upload/v1744212132/32cfbf2d-032f-40db-ae88-658b4d4e6146_nypv4x.avif,...,listingimage
...,3,https://res.cloudinary.com/drr3w1xut/image/upload/v1744212131/32a7031e-af9f-4c4e-969a-91dd9d4e1c66_cjfxn4.jpg,...,listingimage
...,4,https://res.cloudinary.com/drr3w1xut/image/upload/v1744212132/571cf5bb-5d7c-4fa9-8181-74c1b9ce413b_kearjv.avif,...,listingimage
...,0,https://res.cloudinary.com/drr3w1xut/image/upload/v1744724723/29e3a55c-4e80-4f98-9821-d208929cbde9_qyujbz.avif,...,listingimage
...,1,https://res.cloudinary.com/drr3w1xut/image/upload/v1744724723/64ded130-d7d8-47b3-b059-bfca8650e63b_nfdb15.avif,...,listingimage
...,2,https://res.cloudinary.com/drr3w1xut/image/upload/v1744724723/f01c5f09-036e-43ad-b568-85feaab0d448_kjmp6k.avif,...,listingimage
...,3,https://res.cloudinary.com/drr3w1xut/image/upload/v1744724723/f23bdbf2-5760-4aad-9ecd-4fcf156a2972_jrdnun.avif,...,listingimage
...,4,https://res.cloudinary.com/drr3w1xut/image/upload/v1744724723/4c33ba9d-d2e3-4f0c-a29a-4d14b233b0d3_lap0ea.avif,...,listingimage
...,0,https://res.cloudinary.com/drr3w1xut/image/upload/v1744032524/04b5e3a1-033c-4e9b-8f61-a18f3e08d5ae_mdi07u.webp,...,listingimage
...,1,https://res.cloudinary.com/drr3w1xut/image/upload/v1744032524/a98e956e-f9d9-420f-a1b1-32430547b8d4_jdkfeu.avif,...,listingimage
...,2,https://res.cloudinary.com/drr3w1xut/image/upload/v1744032524/5200191f-44df-4232-9020-2f749706bd29_ce1pge.avif,...,listingimage
...,3,https://res.cloudinary.com/drr3w1xut/image/upload/v1744032524/2acc6905-c3ce-478a-82fa-d0ff7f44fd2b_v7acmh.avif,...,listingimage
...,4,https://res.cloudinary.com/drr3w1xut/image/upload/v1744032523/2fbc4fff-d0e7-4d8d-b1c9-e621e07c0d0f_idc9zr.avif,...,listingimage
...,0,https://res.cloudinary.com/drr3w1xut/image/upload/v1744037240/af1f7e73-85a9-4f86-9db7-218423a7c6d4_ogvn9d.avif,...,listingimage
...,1,https://res.cloudinary.com/drr3w1xut/image/upload/v1744037239/3666eff9-c113-4531-8ade-3bb0a17ac897_hcyhgc.avif,...,listingimage
...,2,https://res.cloudinary.com/drr3w1xut/image/upload/v1744037241/0ceea76e-11b3-4e81-87cd-fb6655a8f6a3_kj0txc.avif,...,listingimage
...,3,https://res.cloudinary.com/drr3w1xut/image/upload/v1744037239/2105c1ee-0f96-40ca-84d6-96348f7b2788_fsd1db.avif,...,listingimage
...,4,https://res.cloudinary.com/drr3w1xut/image/upload/v1744037240/b8512bc6-6349-46d7-9b80-96662603ab88_qlauaf.avif,...,listingimage
...,0,https://res.cloudinary.com/drr3w1xut/image/upload/v1744180030/21cb85ab-9c91-4052-b758-0fea5a3e93c6_fvv4cg.avif,...,listingimage
...,1,https://res.cloudinary.com/drr3w1xut/image/upload/v1744180029/c95baaf6-51ce-4ec7-ac8a-43f3ebb02766_q4zt6o.avif,...,listingimage
...,2,https://res.cloudinary.com/drr3w1xut/image/upload/v1744180029/2f59a25a-6f9a-4f23-824c-de3a3ebaaa74_pga51j.avif,...,listingimage
...,3,https://res.cloudinary.com/drr3w1xut/image/upload/v1744180029/2516e246-e57f-428d-8505-89be4c47cfed_l8gyxh.avif,...,listingimage
...,4,https://res.cloudinary.com/drr3w1xut/image/upload/v1744180035/c5f4be98-08ad-497a-b997-86c309753958_s51jfn.avif,...,listingimage
...,0,https://res.cloudinary.com/drr3w1xut/image/upload/v1744181238/3261d78d-dfae-48e4-8634-e3a14f068cad_mwylgx.avif,...,listingimage
...,1,https://res.cloudinary.com/drr3w1xut/image/upload/v1744181237/44107694-a469-4630-a488-e846f326fbd2_sakj5i.avif,...,listingimage
...,2,https://res.cloudinary.com/drr3w1xut/image/upload/v1744181237/eeed6c3c-d435-4b8b-95b4-c63aa36022e3_je8ate.avif,...,listingimage
...,3,https://res.cloudinary.com/drr3w1xut/image/upload/v1744181249/166e5cc0-4154-40c4-a10f-3aa671803fd3_rwotx2.avif,...,listingimage
...,4,https://res.cloudinary.com/drr3w1xut/image/upload/v1744181242/6300d899-13a4-42c1-93ad-71c27ed8cf18_ni5a1l.avif,...,listingimage
...,0,https://res.cloudinary.com/drr3w1xut/image/upload/v1744198794/00c4115e-a7cd-4209-82c2-5e849d1e5d09_ezjcap.avif,...,listingimage
...,1,https://res.cloudinary.com/drr3w1xut/image/upload/v1744198795/2b88258b-f498-43d1-be1a-2959daae4e34_hutth9.avif,...,listingimage
...,2,https://res.cloudinary.com/drr3w1xut/image/upload/v1744198795/c72f3171-bc69-41e7-9125-f1a5c8b0bfad_bcm90p.avif,...,listingimage
...,3,https://res.cloudinary.com/drr3w1xut/image/upload/v1744198794/1965df2c-5fd1-468e-927d-9f0e86bb473e_xkonan.jpg,...,listingimage
...,4,https://res.cloudinary.com/drr3w1xut/image/upload/v1744198794/ad394283-064d-4863-8db1-ab395e83f51a_in47hg.jpg,...,listingimage
...,0,https://res.cloudinary.com/drr3w1xut/image/upload/v1744208957/8029a3ef-3b61-4d52-b0c0-f43bec57e655_so46up.avif,...,listingimage
...,1,https://res.cloudinary.com/drr3w1xut/image/upload/v1744208959/db3f967a-9525-4611-87f3-b031c74080b1_xyrfkp.avif,...,listingimage
...,2,https://res.cloudinary.com/drr3w1xut/image/upload/v1744208958/c8235371-feb0-4e6f-82b0-55f36755f936_dnckqq.avif,...,listingimage
...,3,https://res.cloudinary.com/drr3w1xut/image/upload/v1744208958/8d68623f-6e51-4b4f-80cd-81dd0cbc52f4_tynccy.avif,...,listingimage
...,4,https://res.cloudinary.com/drr3w1xut/image/upload/v1744208956/d9dc3749-635a-4ab6-9e83-84f780b4692b_ua6rby.avif,...,listingimage
...,0,https://res.cloudinary.com/drr3w1xut/image/upload/v1744213974/0935c2bd-dd78-417f-938e-b84ab36b6afe_vhsav5.jpg,...,listingimage
...,1,https://res.cloudinary.com/drr3w1xut/image/upload/v1744213974/cbe26a94-62a5-4605-b552-ca54fc3b7591_aiontm.jpg,...,listingimage
...,2,https://res.cloudinary.com/drr3w1xut/image/upload/v1744213994/185622d5-89c9-4975-8fa9-778e4bbf07a0_bdigw7.avif,...,listingimage
...,3,https://res.cloudinary.com/drr3w1xut/image/upload/v1744214013/b5498e68-6efb-4745-b125-0a9a62f46067_tzhjei.avif,...,listingimage
...,4,https://res.cloudinary.com/drr3w1xut/image/upload/v1744213974/0720cb50-dca5-4b6a-8656-9b9e60c0712a_jnvit6.jpg,...,listingimage
...,0,https://res.cloudinary.com/drr3w1xut/image/upload/v1744610113/c01c79d6-4304-48eb-a4c7-deb39e99dda2_y87msh.avif,...,listingimage
...,1,https://res.cloudinary.com/drr3w1xut/image/upload/v1744610112/798afbcb-f291-4646-bdf9-2bff5cabe7d7_jp84et.avif,...,listingimage
...,2,https://res.cloudinary.com/drr3w1xut/image/upload/v1744610112/580ef7d8-b505-449c-bddb-590e001ab31a_j4nrft.avif,...,listingimage
...,3,https://res.cloudinary.com/drr3w1xut/image/upload/v1744610113/445955e8-f3cc-4fd2-99bb-abed73fff10f_fw13pq.avif,...,listingimage
...,4,https://res.cloudinary.com/drr3w1xut/image/upload/v1744610112/13d55655-5216-421b-92fc-67207207318f_f1kd0f.avif,...,listingimage
...,0,https://res.cloudinary.com/drr3w1xut/image/upload/v1744087013/b436776e_original_goseh6.webp,...,listingimage
...,1,https://res.cloudinary.com/drr3w1xut/image/upload/v1744087013/8a66f427_original_dva5w1.avif,...,listingimage
...,2,https://res.cloudinary.com/drr3w1xut/image/upload/v1744087012/b2f9763f_original_q1py8s.webp,...,listingimage
...,3,https://res.cloudinary.com/drr3w1xut/image/upload/v1744087013/32da0885_original_sengva.avif,...,listingimage
...,4,https://res.cloudinary.com/drr3w1xut/image/upload/v1744087012/49cfa1a8_original_qgtdoy.avif,...,listingimage
...,0,https://res.cloudinary.com/drr3w1xut/image/upload/v1744174673/1c58762d-c971-46e7-8dd5-d1b490a6a43e_cckdk5.avif,...,listingimage
...,1,https://res.cloudinary.com/drr3w1xut/image/upload/v1744174676/4c921b78-fc2c-40bf-8959-a67348f6f5b7_ouiyav.avif,...,listingimage
...,2,https://res.cloudinary.com/drr3w1xut/image/upload/v1744174677/d9ec8f75-4c88-4e53-8fd0-740cb6cdbfff_i60o4n.avif,...,listingimage
...,3,https://res.cloudinary.com/drr3w1xut/image/upload/v1744174672/49049eae-fe9b-45ae-86c2-42d345724171_og3twf.avif,...,listingimage
...,4,https://res.cloudinary.com/drr3w1xut/image/upload/v1744174671/79ad4cd2-d331-485e-823c-381408a4a293_ykpjdc.avif,...,listingimage
...,0,https://res.cloudinary.com/drr3w1xut/image/upload/v1744200458/ae42d540-bfb9-4478-8aff-0432ad1ac758_zgsnej.avif,...,listingimage
...,1,https://res.cloudinary.com/drr3w1xut/image/upload/v1744200458/19f602a0-3a07-4425-b2ea-bd0ea41ffae5_i8nolq.avif,...,listingimage
...,2,https://res.cloudinary.com/drr3w1xut/image/upload/v1744200457/a203e5f2-acd8-4309-a0e1-10623bffc4a2_a4jt21.avif,...,listingimage
...,3,https://res.cloudinary.com/drr3w1xut/image/upload/v1744200457/c98558af-043f-41d6-bf08-60da1a581254_qm7oeb.avif,...,listingimage
...,4,https://res.cloudinary.com/drr3w1xut/image/upload/v1744200457/206f3562-6ea8-4256-92b6-6b840cf51f3b_i2poab.avif,...,listingimage
...,0,https://res.cloudinary.com/drr3w1xut/image/upload/v1744205320/bb2651a4-54e5-4c73-a010-e7f11929882f_v3jyxz.avif,...,listingimage
...,1,https://res.cloudinary.com/drr3w1xut/image/upload/v1744205320/809c5625-09c5-471b-a916-fe71ddbc69fb_qtz9za.avif,...,listingimage
...,2,https://res.cloudinary.com/drr3w1xut/image/upload/v1744205320/88d37e97-902f-42c7-90fd-ffc82f7a689a_o7zded.avif,...,listingimage
...,3,https://res.cloudinary.com/drr3w1xut/image/upload/v1744205320/7a6780b1-5de2-4388-b986-28c135e0dfe5_xj8dhk.avif,...,listingimage
...,4,https://res.cloudinary.com/drr3w1xut/image/upload/v1744205320/b90d9a36-e01b-494a-835b-c44fef529dd9_uy0skk.avif,...,listingimage
...,0,https://res.cloudinary.com/drr3w1xut/image/upload/v1744210798/cfa32a4e-c548-468e-a56a-bb32361a5805_jgvamx.avif,...,listingimage
...,1,https://res.cloudinary.com/drr3w1xut/image/upload/v1744210801/6556259c-53bb-4b4c-8f46-20489db9c02f_xvbpqt.avif,...,listingimage
...,2,https://res.cloudinary.com/drr3w1xut/image/upload/v1744210804/a590c71b-aeb3-4e55-833d-013be1b56498_challg.avif,...,listingimage
...,3,https://res.cloudinary.com/drr3w1xut/image/upload/v1744210795/b51b7e67-14f4-4e5b-abbc-26426abe53ad_wr9afd.avif,...,listingimage
...,4,https://res.cloudinary.com/drr3w1xut/image/upload/v1744210795/fbb24f2a-09b8-4d11-9c1e-c787ee3e39ed_njy59s.avif,...,listingimage
...,0,https://res.cloudinary.com/drr3w1xut/image/upload/v1744215622/755533da-3118-4599-b733-28ae119870f5_xxrzrv.avif,...,listingimage
...,1,https://res.cloudinary.com/drr3w1xut/image/upload/v1744215622/5241e629-f6b0-4377-b1d9-6388f466b6cf_m4re9j.avif,...,listingimage
...,2,https://res.cloudinary.com/drr3w1xut/image/upload/v1744215624/d50539e2-c55c-4aaa-aa6f-65f2a6d69698_owssgu.avif,...,listingimage
...,3,https://res.cloudinary.com/drr3w1xut/image/upload/v1744215622/17d3f3af-aef3-4bb6-9942-5931a9c570fe_w8q6mc.avif,...,listingimage
...,4,https://res.cloudinary.com/drr3w1xut/image/upload/v1744215623/48578682-4267-4fec-b9b6-b672ec3a00b8_as58tm.avif,...,listingimage
