id,category,country,created_at,description,location,manager_id,status,title,updated_at
...,BEACH,India,"2026-09-25 00:42:24.623391","Fully furnished studio apartment (455 sq ft) located at Laxmi Nivas, CT road, Puri.","Puri, Odisha, India",...,PUBLISHED,"Srinivas Kutir, Laxmi Nivas Apt - 50mts from Beach","2026-09-25 00:42:24.624371"
...,TRENDING,Italy,"2026-09-25 00:42:24.639321","The exclusive Villa with heated pool offers a cozy and modern environment to enjoy the sun of our island.","Pozzallo, Italy",...,PUBLISHED,"Villa SOUL SEA- Heated Pool Sea View","2026-09-25 00:42:24.639321"
...,FARMS,"South Africa","2026-09-25 00:42:24.651492","The farm has great walks through grasslands and forest, and a dam with canoes and a boat.","Dargle, South Africa",...,PUBLISHED,"The Cairn, Old Kilgobbin, a converted barn, Dargle","2026-09-25 00:42:24.651492"
...,DOMES,India,"2026-09-25 00:42:24.663382","The best dome stay in Manali offers a unique and luxurious club for glamping experience in the heart of the mountains.","Manali, Himachal Pradesh, India",...,PUBLISHED,"Bastiat Stays| Dome| Private Jacuzzi | Sethan","2026-09-25 00:42:24.663382"
...,MOUNTAINS,India,"2026-09-25 00:42:24.677844","Aizawl Guest House Small Studio Apartment with stunning views.","Aizawl, Mizoram, India",...,PUBLISHED,"AizawlGuestHouse Small Studio","2026-09-25 00:42:24.677844"
...,MOUNTAINS,India,"2026-09-25 00:42:24.689567","It's a brand new studio apartment in the heart of Imphal city. It has all the necessary amenities like fast WiFi, Android TV,  fully equipped Kitchen.","Imphal, Manipur, India",...,PUBLISHED,"CityView Homestay","2026-09-25 00:42:24.689567"
...,BEACH,India,"2026-09-25 00:42:24.700165","Colomb Bay Homes offers you picture postcard beachside living for those seeking rustic charm and peaceful vibes.","South Goa, Goa, India",...,PUBLISHED,"Colomb Bay Homes","2026-09-25 00:42:24.700165"
...,BEACH,India,"2026-09-25 00:42:24.713783","This property is exactly beach front cottage.located on pristine shores of malpe beach in udupi.","Udupi, Karnataka, India",...,PUBLISHED,"BlueWaves -Beach cottage malpe beach","2026-09-25 00:42:24.713783"
...,CASTLES,Austria,"2026-09-25 00:42:24.727452","Schloss Schwertberg, a picturesque castle nestled in the heart of Austria, is a historical gem dating back to the 14th century.","Schwertberg, Austria",...,PUBLISHED,"Charming castle in Austria","2026-09-25 00:42:24.727452"
...,MOUNTAINS,India,"2026-09-25 00:42:24.740590","This 1BHK Apartment is on the first floor of a residential building near the DM Office. The Mall Road is 1.5km, 15-minute walk uphill.","Darjeeling, West Bengal, India",...,PUBLISHED,"Magnolia • The 1BHK Himalayan Getaway","2026-09-25 00:42:24.740590"
...,FARMS,Sweden,"2026-09-25 00:42:24.754491","It is a beautiful environment where you are happy to take walks, a bike ride or swim in Mälaren.","Stallarholmen, Sweden",...,PUBLISHED,"Newly renovated magazine with high cozy factor","2026-09-25 00:42:24.754491"
...,DOMES,India,"2026-09-25 00:42:24.765703","These domes offer a distinctive experience on top of the mountains, where you can enjoy breathtaking mountain views, rainbows, and the lush green valley below. Come here to relax and connect with nature!","Bharmour, himachal pradesh, India",...,PUBLISHED,"Galaxy Glamp 2 Bharmour","2026-09-25 00:42:24.765703"
...,BOATS,India,"2026-09-25 00:42:24.779257","Romantic Houseboat Stay in Alleppey.Enjoy stunning sunrises, authentic Kerala cuisine, and breathtaking sunsets over tranquil waters.","Alappuzha, Kerala, India",...,PUBLISHED,"Serene 2BHK Houseboat stay ALPY","2026-09-25 00:42:24.779257"
...,ARCTIC,Finland,"2026-09-25 00:42:24.792992","Fully equipped VIlla Kiviranta by the lake Kallunkijärvi near Oulanka national park in Kuusamo for a pleasant stay to relax in peaceful environment.","Kuusamo, Finland",...,PUBLISHED,"Lakefront Villa Kiviranta w/sauna, Visit Lapland","2026-09-25 00:42:24.792992"
...,BEACH,India,"2026-09-25 00:42:24.804689","Enjoy a well deserved break from your daily hustle and bustle at our Bayview Villa.","Nandgaon,  Uttar Pradesh, India",...,PUBLISHED,"Bayview Villa - Kashid","2026-09-25 00:42:24.804689"
...,BEACH,India,"2026-09-25 00:42:24.813982","you will love to have amazing hospitality and food at our beach view private pool room.","Korlai, Maharashtra, India",...,PUBLISHED,"The Seascape(Beachview Room3 with private pool)","2026-09-25 00:42:24.813982"
...,TRENDING,India,"2026-09-25 00:42:24.825239","Cradled in the lap of the Himalayas, nestled cozily among the verdant tea gardens of the Darjeeling Hills, Belmont Homes is your perfect getaway to refresh your mind and rejuvenate your soul.","Bloomfield Tea Garden, West Bengal, India",...,PUBLISHED,"Belmont Homes - Great Views, Fond Memories","2026-09-25 00:42:24.825239"
...,BEACH,Maldives,"2026-09-25 00:42:24.838480","Designer beachfront villa within biosphere reserve.","Baa Atoll, Maldives",...,PUBLISHED,"Amilla Villa Residence","2026-09-25 00:42:24.838480"
...,ICONIC_CITIES,Vietnam,"2026-09-25 00:42:24.851128","Nestled in a peaceful alley in Hoan Kiem, this building offers serenity just steps away from Hanoi's vibrant center, combining tranquility with easy access to iconic attractions.","Hoàn Kiếm, Vietnam",...,PUBLISHED,"Lively Corner Old Quarterl Bathtubl Lift 2","2026-09-25 00:42:24.851128"
...,CASTLES,Germany,"2026-09-25 00:42:24.865107","The manor house offers an unforgettable stay with its charming apartments and lovingly designed representative rooms. ","Behren-Lübchin, Germany",...,PUBLISHED,"Apartment Elisabeth Mansion Viecheln Anno 1869","2026-09-25 00:42:24.865107"
...,MOUNTAINS,India,"2026-09-25 00:42:24.879168","Escape to the mesmerizing beauty of Lonavala hills near Pawna dam. Nestled in the scenic landscape, this luxurious 4BHK villa provides breathtaking views and a serene atmosphere for your next vacation.","Lonavala, Maharashtra, India",...,PUBLISHED,"4 BHK Cliffside Villa with Chef and Pool, Lonavala","2026-09-25 00:42:24.879168"
...,CASTLES,Poland,"2026-09-25 00:42:24.903728","Welcome to The Palace at Osowa Sien—a stunning and exclusive retreat nestled in a 5-hectare park, just hours from Berlin or Warsaw.","Osowa Sień, Poland",...,PUBLISHED,"Exclusive Fairytale Castle: 3 Hrs from Berlin","2026-09-25 00:42:24.903728"
...,ARCTIC,Norway,"2026-09-25 00:42:24.910817","You will love this unique and romantic Lighthouse.We are located on Senja, Norway's second largest island, just bye the Galway to Ånderdalen national park.",Norway,...,PUBLISHED,"The Lighthouse","2026-09-25 00:42:24.910817"
...,TRENDING,India,"2026-09-25 00:42:24.921001","We offer two rooms at our homestay, purposefully built with naturally available resources, we also offer river side tents and camps.","Sangti, Arunachal Pradesh, India",...,PUBLISHED,"Tsejor Homestay, river side cabins and tents","2026-09-25 00:42:24.921001"
...,BEACH,India,"2026-09-25 00:42:24.927198","This property is exactly beach front cottage.located on pristine shores of malpe beach in udupi.","Puri, Odisha, India",...,PUBLISHED,"Home away from home (Premium) - VIP Road , Puri","2026-09-25 00:42:24.927198"
...,MOUNTAINS,Switzerland,"2026-09-25 00:42:24.940223","The compact 3.5-room apartment is located in a quiet residential area. It is five minutes by foot to center of Altdorf.","Altdorf, Switzerland",...,PUBLISHED,"Jori's Bijou in the heart of central Switzerland","2026-09-25 00:42:24.940223"
...,ICONIC_CITIES,France,"2026-09-25 00:42:24.953329","Room in Paris, France","Paris, France",...,PUBLISHED,"Suite with private bathroom and Eiffel Tower view","2026-09-25 00:42:24.953329"
...,ARCTIC,Finland,"2026-09-25 00:42:24.961156","Entire chalet in Kittilä, Finland","Kittilä, Finland",...,PUBLISHED,"Winter Wonderland","2026-09-25 00:42:24.961156"
...,FARMS,"South Africa","2026-09-25 00:42:24.969201","Barn in Durban, South Africa","Durban, South Africa",...,PUBLISHED,"The Stable House","2026-09-25 00:42:24.969201"
...,BOATS,Vietnam,"2026-09-25 00:42:24.974875","M'Gloria Cruise is a sustainable boat in Ha Long, offering free WiFi, rooftop pool and fitness centre.The boat features a spa experience, with its hot tub, spa facilities and wellness packages.","Hạ Long, Vietnam",...,PUBLISHED,"Junior Suite Twin Ocean View 1st Floor Balcony","2026-09-25 00:42:24.974875"
...,ARCTIC,Sweden,"2026-09-25 00:42:24.979877","Surrounded by the Forest, a wonderful Nature and in a relaxing Atmosphere ; you will appreciate in Winter the Magic of the Snowy Landscapes, the Comfort of your cabin and our suggestion of Activities.","Blattniksele , Sweden",...,PUBLISHED,"Fjälluggla Cottage - Cabin Fjälluggla","2026-09-25 00:42:24.979877"
...,DOMES,India,"2026-09-25 00:42:24.985949","The Yellow Dome Villa by Jade is a luxurious retreat that radiates elegance and charm.","Channaveeranahalli, Karnataka, India",...,PUBLISHED,"3BR Yellow Dome Shaped Villa with Pool & Hill View","2026-09-25 00:42:24.985949"
...,FARMS,India,"2026-09-25 00:42:24.990942","Sucasa is nestled amidst lush greenery, offering a serene retreat perfect for unwinding with family and friends, away from the city's hustle.","Raipur, Chhattisgarh, India",...,PUBLISHED,"Sucasa Farmstay in VIP/Airport road","2026-09-25 00:42:24.990942"
...,ROOMS,India,"2026-09-25 00:42:24.995467","Keep it simple at this peaceful and centrally-located place.","Hyderabad, Telangana, India",...,PUBLISHED,"Simple and cozy corner","2026-09-25 00:42:24.995467"
...,ROOMS,India,"2026-09-25 00:42:25.001465","Ever dreamt of a vacation in the midst of the nature’s lap, just to wake up in the morning, pull the curtains to be greeted with the view overlooking the entire Srinagar city and the magnificent Dal Lake?","Srinagar,Jammu and Kashmir, India",...,PUBLISHED,"The Greystone. 2 Cozy Attic Rooms with Fireplaces","2026-09-25 00:42:25.001465"
...,MOUNTAINS,India,"2026-09-25 00:42:25.007520","Escape to our serene villa near Nandi Hills, featuring a private swimming pool and stunning, unobstructed views of the hills, a lake, and nature.","Nandi Hills, Karnataka, India",...,PUBLISHED,"Rasa Pool Villa","2026-09-25 00:42:25.007520"
...,ARCTIC,Finland,"2026-09-25 00:42:25.013607","Green, beautiful Savola scenery by the lake. The heart of a house built in traditional style is the large logs that have been poured out of the local forest.","Kuopio, Finland",...,PUBLISHED,"B&B Marrula - Finland","2026-09-25 00:42:25.013607"
...,FARMS,India,"2026-09-25 00:42:25.018797","Nestled amidst dense greenery & the company of 4 Royal horses, this hidden gem is a pristine mix of luxury with astounding style & comfort.","New Delhi, India",...,PUBLISHED,"The Barn - Classic","2026-09-25 00:42:25.018797"
...,ARCTIC,Norway,"2026-09-25 00:42:25.026241","Cosy house with view, peace, and quietness.Great starterpoint for fishing trips in summertime, or watching the northern light in the winter. There are also some great hiking tours in the area!","Bø, Nordland, Norway",...,PUBLISHED,"Bestefarhaugen - The cozy house on the hill + Dome","2026-09-25 00:42:25.026241"
...,ROOMS,"United Kingdom","2026-09-25 00:42:25.034833","An ensuite double bedroom in a spacious, comfortable flat, conveniently located on a quiet square by Dalston Junction station.","London, United Kingdom",...,PUBLISHED,"Stylish ensuite double bedroom in trendy East London","2026-09-25 00:42:25.034833"
...,ROOMS,Morocco,"2026-09-25 00:42:25.041352","Villa AYA, is located at the foot of the Medina, and nestled in a corner of greenery, a haven of peace and calm.","Marrakesh, Morocco",...,PUBLISHED,"Villa AYA guest house - Suite with bathtub & balcony","2026-09-25 00:42:25.041352"
...,DOMES,India,"2026-09-25 00:42:25.046399","Experience the magic of the Himalayas at Panaash Eco World, a one-of-a-kind glamping retreat in Prini, Manali, offering an unparalleled escape into nature.","Manali, Himachal Pradesh, India",...,PUBLISHED,"Panaash Eco World | Earth Domes 3BR | by homeyhuts","2026-09-25 00:42:25.046399"
...,FARMS,India,"2026-09-25 00:42:25.050795","Forget your worries in this spacious and serene space.","Singarbil, Tripura, India",...,PUBLISHED,"Cozy 3bk farmhouse.","2026-09-25 00:42:25.050795"
...,FARMS,India,"2026-09-25 00:42:25.055548","We promise to give you an experience of a lifetime culminating in comfort and adventure. Located away from the towns of Kolli Hills, be prepared to be swept off your feet with everything nature has to offer.","Selurnadu, Tamil Nadu, India",...,PUBLISHED,"Sunnyside Upper Lake View","2026-09-25 00:42:25.055548"
...,TRENDING,India,"2026-09-25 00:42:25.058552","Admire the expansive skies and magnificent Himalayan Mountains as you unwind and take in the natural surroundings.","uttarakhand, India",...,PUBLISHED,"Binsar View Boutique Room l Himalayan Paradise","2026-09-25 00:42:25.058552"
...,FARMS,India,"2026-09-25 00:42:25.062572","Take a break from the rush of work and city life, stretching out to unwind and rejuvenate in the lap of nature.","Asan Bani, Jharkhand, India",...,PUBLISHED,"Dalmanchal - Our Khet! Farm Rooms","2026-09-25 00:42:25.062572"
...,ROOMS,India,"2026-09-25 00:42:25.066662","Dive into the authentic experience of ancient Varanasi from our spacious comfy & luxury rooms.","Varanasi, Uttar Pradesh, India",...,PUBLISHED,"Luxury Private Stay Near Temples & Ghats","2026-09-25 00:42:25.066662"
...,BEACH,Thailand,"2026-09-25 00:42:25.070661","Modern and spacious, room features sea views.","Pa Tong, Thailand",...,PUBLISHED,"Superior Deluxe Triple Room with Seaview","2026-09-25 00:42:25.070661"
...,BEACH,India,"2026-09-25 00:42:25.075299","This property is exactly beach front cottage.located on pristine shores of malpe beach in udupi.","Visakhapatnam, Andhra Pradesh, India",...,PUBLISHED,"3BHK Bay View Penthouse near Beach Road","2026-09-25 00:42:25.075299"
...,CASTLES,Romania,"2026-09-25 00:42:25.079322","The Lucia Villa Complex entices you to discover the true meaning of chic.","Sinaia, Romania",...,PUBLISHED,"Royal Boutique Hotel - VILA DOMINA","2026-09-25 00:42:25.079322"
...,MOUNTAINS,India,"2026-09-25 00:42:25.083493","Enchanted Forest Farm is an 18-acre forest farmstay, located in Parbing(Ranka), a scenic village near Gangtok, Sikkim. It is a quiet getaway for those offbeat travellers and wanderers.","Gangtok, Sikkim, India",...,PUBLISHED,"Rustic walnut cottage - waterfall & mountain view","2026-09-25 00:42:25.083493"
...,ICONIC_CITIES,India,"2026-09-25 00:42:25.088508","Enjoy an amazing time with Luxurious Bedrooms with an Exquisite Living Room, and a Luxurious Private Rooftop Pergola Lounge with Hot Tub & Bar.","New Delhi, India",...,PUBLISHED,"Onnyx Rooftop - Luxury Penthouse w/ Jacuzzi","2026-09-25 00:42:25.088508"
...,ICONIC_CITIES,India,"2026-09-25 00:42:25.093112","Welcome to this another beautiful and cozy property by Tulip Homes. It is situated on 16th floor & completely fresh apartment with garden patio which makes it unique in class. The place is perfect for relaxing and enjoying scenic view of modern architecture.","Gurugram, Haryana, India",...,PUBLISHED,"Highrise Heaven 16th Floor with Garden Patio 3","2026-09-25 00:42:25.093112"
...,ICONIC_CITIES,"South Korea","2026-09-25 00:42:25.099323","We provide a cozy and private time on the second floor of a detached house in front of the World Heritage site Jeongneung. High ceilings, abundant natural light, and sensual interiors that coexist with the 60s and modern sensibilities provide a cool and cozy experience.","Seongbuk-gu, South Korea",...,PUBLISHED,"[Dodo Hwa] Cozy single-family house next to Jeongneung","2026-09-25 00:42:25.099323"
...,ARCTIC,Norway,"2026-09-25 00:42:25.102897","Welcome to our charming and spacious rental ! The house is close to the E6, yet peaceful and rural.","Narvik, Norway",...,PUBLISHED,"No. 5, Ballangen","2026-09-25 00:42:25.102897"
...,ARCTIC,Norway,"2026-09-25 00:42:25.107519","Villa Kristina has a jacuzzi,high standard both inside and out, but most of all amazing views.","Rauma, Norway",...,PUBLISHED,"Villa Kristina / ÅNDALSNES","2026-09-25 00:42:25.107519"
...,DOMES,India,"2026-09-25 00:42:25.111518","Inspired by Himalyan berries, Kaafal cottages are a bunch of domes in the shape, colour & texture of the berry, Kaafal","Makku Math, Uttarakhand, India",...,PUBLISHED,"Kaafal - Himalyan Berry Shaped Bedrooms; Berry #2","2026-09-25 00:42:25.111518"
...,MOUNTAINS,India,"2026-09-25 00:42:25.117203","HillCrest is located on a hilltop in a quaint neighbourhood called Lumparing.","Shillong, Meghalaya, India",...,PUBLISHED,"HillCrest - Golden Horizon","2026-09-25 00:42:25.117203"
...,BEACH,India,"2026-09-25 00:42:25.125483","Discover the perfect blend of comfort and Middle Eastern charm in our fully furnished 3-bedroom apartment.","Kozhikode, Kerala, India",...,PUBLISHED,"3-BHK Penthouse with beach view","2026-09-25 00:42:25.125483"
...,MOUNTAINS,India,"2026-09-25 00:42:25.129525","Indulge in the best rural experience theme based homestay in the hills of Sabarvani with all the comfort you need. Enrich yourself with local authentic food.","Tamia, Madhya Pradesh, India",...,PUBLISHED,"Hill View Room Ac-Jungle Aashiyana","2026-09-25 00:42:25.129525"
...,BEACH,Maldives,"2026-09-25 00:42:25.134537","An modern over-water bungalow located in one of the most pristine and secluded corners of the Maldives.","Malé, Maldives",...,PUBLISHED,"Water Villa with Pool - 1 hour Seaplane from Male","2026-09-25 00:42:25.134537"
...,MOUNTAINS,Nepal,"2026-09-25 00:42:25.139199","We are sharing our space with you to pause, to connect with nature & connect with self & your loved ones. Every moment here is an invitation to slow down. The A-frame & the views will take your breath away!","Pokhara, Nepal",...,PUBLISHED,"Tranquil Villa w/ Mountain Views | 15min from City","2026-09-25 00:42:25.139199"
...,ICONIC_CITIES,Morocco,"2026-09-25 00:42:25.143823","Entire home in Marrakesh, Morocco","Marrakesh, Morocco",...,PUBLISHED,"Joli Riad: intimate and elegant","2026-09-25 00:42:25.143823"
...,CASTLES,Turkey,"2026-09-25 00:42:25.147834","Spend a pleasant time in this rare place, 3 parcels of land are in the best location of the peninsula. It has very nice mountain sea and pool view.","Kaş, Turkey",...,PUBLISHED,"Chateau Kas Peninsula","2026-09-25 00:42:25.147834"
...,BOATS,Thailand,"2026-09-25 00:42:25.151836","This unique 90ft Luxury traditional Thai-crafted wooden yacht holds 3 palatial double cabins below a spacious open plan teak- laden salon on the top deck","Mai Khao, Thailand",...,PUBLISHED,"Maha Bhetra","2026-09-25 00:42:25.151836"
...,FARMS,Sweden,"2026-09-25 00:42:25.158189","Peace and quiet, close to nature, and elves. For those who want a rural and peaceful stay.","Borgholm, Sweden",...,PUBLISHED,"Tranquil Öland stone barn","2026-09-25 00:42:25.158189"
...,ARCTIC,Finland,"2026-09-25 00:42:25.162693","Welcome to Ollero Eco Lodge - we're a family-owned environmentally friendly cottage retreat by the Ounasjoki river on the Arctic Circle.","Rovaniemi, Finland",...,PUBLISHED,"Ollero Eco Lodge (inc. a glass igloo)","2026-09-25 00:42:25.162693"
...,FARMS,Poland,"2026-09-25 00:42:25.168299","Welcome to 'Stodoła' our 100-year-old barn that was originally used on this farm to store hay.","Osiniak-Piotrowo, Poland",...,PUBLISHED,"Modern 100 Year Old Barn In The Heart Of Mazury","2026-09-25 00:42:25.168299"
...,ROOMS,India,"2026-09-25 00:42:25.172809","Newly Built 2BHK Near Patna Airport with Terrace","Patna, Bihar, India",...,PUBLISHED,"Peaceful Green-View Luxury 2 BHK","2026-09-25 00:42:25.172809"
...,ROOMS,India,"2026-09-25 00:42:25.176888","Welcome to your stylish and cozy retreat in the heart of Bhubaneswar! This fully air-conditioned 2-bedroom apartment provides a unique, peaceful atmosphere, ideal for families, solo travelers, or business professionals.","Bhubaneswar, Odisha, India",...,PUBLISHED,"Entire Home With 2 AC Bedrooms & Workstation","2026-09-25 00:42:25.176888"
...,ROOMS,India,"2026-09-25 00:42:25.180884","Welcome to The Heavenly Abode - your luxurious room in Electronic City, Bangalore, the perfect home away from home.","Bengaluru, Karnataka, India",...,PUBLISHED,"Bangalore's Best 1BHK in E-City","2026-09-25 00:42:25.180884"
...,TRENDING,India,"2026-09-25 00:42:25.186109","Relax with your friends and family at this private 1BHK apartment in offbeat peaceful location with amazing views of snowcapped Himalayas.","Manali, Himachal Pradesh, India",...,PUBLISHED,"Modern 1BHK Offbeat Peaceful Mountain Home","2026-09-25 00:42:25.186109"
...,MOUNTAINS,India,"2026-09-25 00:42:25.191154","Wake up to witness a beautiful sunrise from the room and watch the birds chirping away. Our home is surrounded by hills and on the border of the forest area.","Udaipur, Rajasthan, India",...,PUBLISHED,"Burj Baneria, Lake Pichola Facing Bedroom","2026-09-25 00:42:25.191154"
...,BOATS,Maldives,"2026-09-25 00:42:25.195751","Explore the incredible Maldives aboard our exclusive luxury yacht.Picture-perfect tropical islands, azure water, swaying palms, amazing marine life, perfect waves. Design your own adventure with us.","Malé, Maldives",...,PUBLISHED,"Magical Maldives - Awesome Private Luxury Yacht","2026-09-25 00:42:25.195751"
...,DOMES,India,"2026-09-25 00:42:25.200747","Discover a uniquely beautiful riverside glamping retreat with a 360-degree view.","Manali, Himachal Pradesh, India",...,PUBLISHED,"GlampView Luxurious Geodesic Glamp 2","2026-09-25 00:42:25.200747"
...,BEACH,India,"2026-09-25 00:42:25.203772"," Located 500 meters from Kursura submarine museum and the beach in a posh residential neighbourhood. Huge terrace and balconies to enjoy views of the bay, hills and the submarine.","Visakhapatnam, Andhra Pradesh, India",...,PUBLISHED,"3BHK Bay View Penthouse near Beach Road","2026-09-25 00:42:25.203772"
...,BEACH,India,"2026-09-25 00:42:25.209335","As the sun goes down enjoy the private terrace on a tropical balmy night.","Galle, Sri Lanka",...,PUBLISHED,"HABU Surf Stay 2","2026-09-25 00:42:25.209335"
...,ROOMS,Thailand,"2026-09-25 00:42:25.214378","The room is a Thai-contemporary inspired, overlooking one of the most sacred Trimit Temple and a balcony with little garden.","Bangkok, Thailand",...,PUBLISHED,"Ba hao Residence x SANTIPHAP ROOM","2026-09-25 00:42:25.214378"
...,TRENDING,India,"2026-09-25 00:42:25.219376","Welcome to your perfect getaway! This spacious and stylish 1-bedroom, 1-bathroom apartment offers stunning views of the valley, river, and surrounding landscapes.","North Goa, Goa, India",...,PUBLISHED,"Golden Nest","2026-09-25 00:42:25.219376"
...,ICONIC_CITIES,Thailand,"2026-09-25 00:42:25.223415","Entire home in Bangkok, Thailand","Bangkok, Thailand",...,PUBLISHED,"Garden in Bangkok","2026-09-25 00:42:25.223415"
...,ICONIC_CITIES,Australia,"2026-09-25 00:42:25.228089","Welcome to our stunning waterfront apartment with breathtaking views of Sydney Harbour! This magnificent space offers the perfect blend of modern comfort and unparalleled vistas, providing an unforgettable experience for your stay in the heart of Sydney.","Kirribilli, Australia",...,PUBLISHED,"Breathtaking Sydney Harbour View!","2026-09-25 00:42:25.228089"
...,MOUNTAINS,Japan,"2026-09-25 00:42:25.233542","The compact 3.5-room apartment is located in a quiet residential area. It is five minutes by foot to center of Altdorf.","Fujikawaguchiko, Japan",...,PUBLISHED,"Spacious House with Rooftop BBQ and Mt. Fuji Views","2026-09-25 00:42:25.233542"
...,BOATS,India,"2026-09-25 00:42:25.238619","Our boat is the first traditional rice boat built in Goa, originally styled by Malini Ramani, this residence has featured in leading style magazines.","Goa, India",...,PUBLISHED,"Houseboat Cruise on the backwaters","2026-09-25 00:42:25.238619"
...,ROOMS,India,"2026-09-25 00:42:25.242557","Welcome to our exquisite Greece-themed villa in Surat, a perfect blend of luxury and comfort.","Surat, Gujurat, India",...,PUBLISHED,"Greece Escape - New Heaven Gold - Villa In Surat","2026-09-25 00:42:25.242557"
...,TRENDING,"United Arab","2026-09-25 00:42:25.246421","Indulge in luxury at this 2-bedroom apartment in downtown Dubai, offering unrivaled views of the iconic Burj Khalifa and enchanting Dubai Dancing Fountain show.","Dubai, United Arab",...,PUBLISHED,"King 2 Bedroom With Burj Khalifa & Fountain View","2026-09-25 00:42:25.246421"
...,TRENDING,Germany,"2026-09-25 00:42:25.251424","Tig Micheál Bán is a lovingly renovated traditional Irish farmhouse with views of the picturesque Mealagh Valley and Kerry Mountains.","Willingen, Germany",...,PUBLISHED,"Woody Willingen - The wooden hut in beautiful nature","2026-09-25 00:42:25.251424"
...,CASTLES,Greece,"2026-09-25 00:42:25.256468","Charming cobble tower guesthouse only 1km from the beach. Immerse yourself in rare and stylish decor as you wander through time.","Mikri Mantineia, Greece",...,PUBLISHED,"Once Upon a Time - A Castle of Magical Sunsets","2026-09-25 00:42:25.256468"
...,CASTLES,India,"2026-09-25 00:42:25.262977","Castle Oodeypore is a heritage architecture building with modern, luxurious & spacious interiors. ","Udaipur, Rajasthan, India",...,PUBLISHED,"@ Castle Oodeypore - A Royal Homestay","2026-09-25 00:42:25.262977"
...,CASTLES,Italy,"2026-09-25 00:42:25.268156","An old castle-shaped villa, for those who don't stop believing in fairy tales.","Rapagnano, Italy",...,PUBLISHED,"Italian castle with pool near Fermo 10km from sea","2026-09-25 00:42:25.268156"
...,FARMS,Romania,"2026-09-25 00:42:25.272674","Our guesthouse is an old wooden barn transformed to a cozy guest house. Located in a silent Transilvanian village between endless mountains and forest.","Zăbala, Romania",...,PUBLISHED,"Wooden Barn Guesthouse","2026-09-25 00:42:25.272674"
...,BOATS,Thailand,"2026-09-25 00:42:25.277205","Boat in Chalong, Thailand","Chalong, Thailand",...,PUBLISHED,"Miss Coco Lagoon 421 Catamaran","2026-09-25 00:42:25.277205"
...,BOATS,Indonesia,"2026-09-25 00:42:25.282837","Mantamae is a perfect charter to for you and your family, friends group or loved one to explore the amazing and hidden islands of Indonesia Archipelago.","Komodo, Indonesia",...,PUBLISHED,"Mantamae Liveaboard Komodo","2026-09-25 00:42:25.282837"
...,ROOMS,India,"2026-09-25 00:42:25.287561","Welcome to the minimalist-style 2BHK suites located in Dreamcity, one of the peaceful locations in Amritsar.","Amritsar, Punjab, India",...,PUBLISHED,"Hazel : Minimalist Apartment","2026-09-25 00:42:25.287561"
...,ROOMS,Spain,"2026-09-25 00:42:25.293066","An ensuite double bedroom in a spacious, comfortable flat, conveniently located on a quiet square by Dalston Junction station.","Sant Josep de sa Talaia, Spain",...,PUBLISHED,"Lapo's room in Argentina","2026-09-25 00:42:25.293066"
...,CASTLES,Italy,"2026-09-25 00:42:25.298598","Luxurious residence in the historic Torre del '500 on the beach in Positano for a wonderful holiday full of unforgettable charm.","Positano, Italy",...,PUBLISHED,"Luxury home Torre Trasita in Positano ","2026-09-25 00:42:25.298598"
...,BOATS,Vietnam,"2026-09-25 00:42:25.304640","We were the first cruise company that organized this specific cruise through Lan Ha Bay, and we have the deepest knowledge and experience of cruising to all of the best features of this unforgettable cruise route!","Trân Châu, Vietnam",...,PUBLISHED,"Private traditional junk/ Halong - Lan Ha Bay","2026-09-25 00:42:25.304640"
...,FARMS,Australia,"2026-09-25 00:42:25.310315","Nature enthusiasts, cyclists, and hikers will adore The Barn! Nestled in York with stunning views of Mt. Bakewell, this renovated Quaker Barn offers meticulous detail. ","York, Australia",...,PUBLISHED,"The Barn York","2026-09-25 00:42:25.310315"
...,TRENDING,India,"2026-09-25 00:42:25.317021","Discover the perfect blend of comfort and convenience just minutes away from the iconic Taj Mahal.","Agra, Uttar Pradesh, India",...,PUBLISHED,"Best place to stay Near Tajmahal","2026-09-25 00:42:25.317021"
...,TRENDING,India,"2026-09-25 00:42:25.324514","Enjoy the elegance of a bygone era while staying in this gorgeous 250 years old haveli.","Jaipur, Rajasthan , India",...,PUBLISHED,"Padma -a Luxury Suite by Sankotra Haveli estd.1727","2026-09-25 00:42:25.324514"
...,CASTLES,India,"2026-09-25 00:42:25.331525","This magnificent, boutique lair is located in a one-of-a-kind Gothic-Revival castle and cottages - set amidst a lush macrocosm of apple and cherry orchards, and overlooking unrivalled panoramic vistas of the breathtaking Himalayan landscape.","Manali, Himachal Pradesh, India",...,PUBLISHED,"Run of the house","2026-09-25 00:42:25.331525"
...,DOMES,India,"2026-09-25 00:42:25.338261","Enjoy the lovely setting of this romantic spot in nature.Feel at home in two cozy domes nestled in an apple orchard, just 30 minutes from Shimla.","Cheog, Himachal Pradesh, India",...,PUBLISHED,"Two domes 30min from Shimla","2026-09-25 00:42:25.338261"
...,MOUNTAINS,India,"2026-09-25 00:42:25.342769","Your Home away from Home. Cleanliness assured. Enjoy the breathtaking view of Kohima's Majestic Hills.","Kohima, Nagaland, India",...,PUBLISHED,"Lichen homestay","2026-09-25 00:42:25.342769"
...,ROOMS,India,"2026-09-25 00:42:25.349954","This delightfully designed room, is located in the heart of Bhubaneshwar. Soul Route Airbnb is a stylishly curated home away from home and it offers a perfect respite from the bustling & hot city of Bhubaneshwar.","Jayadev Vihar, Bhubaneswar, Odisha, India",...,PUBLISHED,"Soul Route - Room 2","2026-09-25 00:42:25.349954"
...,DOMES,India,"2026-09-25 00:42:25.355043","Visiting our geodesic dome resort in the Lansdowne Hills offers a unique blend of tranquility and adventure. Nestled in serene natural surroundings, the domes provide panoramic views of lush landscapes, perfect for a peaceful retreat. "," Lansdowne, Uttarakhand, India",...,PUBLISHED,"Bastiat Stays| GeoVista Dome","2026-09-25 00:42:25.355043"
...,TRENDING,India,"2026-09-25 00:42:25.360050","Discover comfort and style at Royal Retreat, a beautifully designed 3-bedroom, 2-bathroom home located in a prime area of Guwahati. Each room is thoughtfully decorated with modern furnishings, offering a cozy and elegant retreat.","Guwahati, Assam, India",...,PUBLISHED,"Royal Retreat (3bhk)","2026-09-25 00:42:25.360050"
...,ROOMS,India,"2026-09-25 00:42:25.366680","This place is tastefully designed with the best interiors and all the modern premium furnishings to enhance your stay.","Puri, Odisha, India",...,PUBLISHED,"Simple and cozy KaFi Luxe Suite : Unwind Yourself","2026-09-25 00:42:25.366680"
...,ROOMS,Spain,"2026-09-25 00:42:25.371682","An ensuite double bedroom in a spacious, comfortable flat, conveniently located on a quiet square by Dalston Junction station.","Sant Josep de sa Talaia, Spain",...,PUBLISHED,"Master Bedroom in luxury apt w/gym,pool & seaview","2026-09-25 00:42:25.371682"
...,ICONIC_CITIES,"United Kingdom","2026-09-25 00:42:25.377283","Entire rental unit in Greater London, United Kingdom","Greater London, United Kingdom",...,PUBLISHED,"S8 - Comfy Apartment in the heart of Hyde Park","2026-09-25 00:42:25.377283"
...,ICONIC_CITIES,"United Arab Emirates","2026-09-25 00:42:25.381281","Welcome at Skyview Hostel, situated in Dubai Marina's prime spot, offering breathtaking views of Top Golf, the Palm, and the entire Dubai skyline.","Dubai, United Arab Emirates",...,PUBLISHED,"1 bed in 10 Beds Mixed Dorm, Next'House - Skyview","2026-09-25 00:42:25.381281"
...,FARMS,Sweden,"2026-09-25 00:42:25.386974","Stay in the old limestone barn on the farm Fröjel Stenstugu.","Fröjel, Sweden",...,PUBLISHED,"Beautiful accommodation in Gotland.","2026-09-25 00:42:25.386974"
...,DOMES,India,"2026-09-25 00:42:25.392979","Himalayan Ridge Glamping Domes is a perfect destination for people who are seeking out unique & less crowded destinations.","Jana, Himachal Pradesh, India",...,PUBLISHED,"HimalayanRidge : LuxDome w/ Deck","2026-09-25 00:42:25.392979"
...,BOATS,Indonesia,"2026-09-25 00:42:25.398226","Welcome aboard this authentic wooden pirate ship, the Bulan Purnama, as ye embark on a swashbuckling adventure in the Komodo Islands","Kecamatan Komodo, Indonesia",...,PUBLISHED,"Vintage Boutique Phinisi Liveaboard Komodo Cruises","2026-09-25 00:42:25.398226"
...,TRENDING,India,"2026-09-25 00:42:25.403756","English style cottage, situated close to highway yet peaceful with small in-house Organic farm, ample parking, green area and pet friendly. ","Manali, Himachal Pradesh, India",...,PUBLISHED,"Cedar Manor, The English Cottage","2026-09-25 00:42:25.404902"
...,TRENDING,Ireland,"2026-09-25 00:42:25.408902","Tig Micheál Bán is a lovingly renovated traditional Irish farmhouse with views of the picturesque Mealagh Valley and Kerry Mountains.","Bantry, Ireland",...,PUBLISHED,"Tig Michael White","2026-09-25 00:42:25.408902"
...,MOUNTAINS,India,"2026-09-25 00:42:25.413622","Welcome to this luxurious and spacious getaway located in a peaceful , close to nature yet filled with luxury stay that goes by the name of The Cullinan House ,Cullinan cause its the rarest diamond.","Nainital, Uttarakhand, India",...,PUBLISHED,"The Cullinan House - “The Hope”","2026-09-25 00:42:25.413622"
...,FARMS,Australia,"2026-09-25 00:42:25.420140","Find the best of rustic luxury at my newbuilt orchard farmstay,nestled amongst the plum and gum trees of the Perth Hills.","Carmel, Australia",...,PUBLISHED,"Luxury rustic farmstay in the gum and plum trees","2026-09-25 00:42:25.420140"
...,ARCTIC,Norway,"2026-09-25 00:42:25.425183","Enjoy the view from the dining table overlooking the bay. Immediate access to nature, hikes and the sea.","Andopsveien 39, Norway",...,PUBLISHED,"Bedroom in seafront home, quiet & beautiful place","2026-09-25 00:42:25.425183"
...,DOMES,India,"2026-09-25 00:42:25.430182","Our Domes is your rare find which are on high elevation of this Kullu district.","Jibhi, Himachal Pradesh, India",...,PUBLISHED,"Luxury dome at 7800 feet !","2026-09-25 00:42:25.430182"
...,BOATS,Thailand,"2026-09-25 00:42:25.435721","Experience the freedom of a sailing holiday afloat on your own private super yacht in Pattaya. The Lady “Cachée” is spacious and comfortable for all guests onboard. ","Sattahip, Thailand",...,PUBLISHED,"Broward USA 110 Ft Superyacht Cachée","2026-09-25 00:42:25.435721"
